-- MySQL dump 10.13  Distrib 8.0.21, for macos10.15 (x86_64)
--
-- Host: 127.0.0.1    Database: kltn_api
-- ------------------------------------------------------
-- Server version	8.0.27

/*!40101 SET @OLD_CHARACTER_SET_CLIENT=@@CHARACTER_SET_CLIENT */;
/*!40101 SET @OLD_CHARACTER_SET_RESULTS=@@CHARACTER_SET_RESULTS */;
/*!40101 SET @OLD_COLLATION_CONNECTION=@@COLLATION_CONNECTION */;
/*!50503 SET NAMES utf8 */;
/*!40103 SET @OLD_TIME_ZONE=@@TIME_ZONE */;
/*!40103 SET TIME_ZONE='+00:00' */;
/*!40014 SET @OLD_UNIQUE_CHECKS=@@UNIQUE_CHECKS, UNIQUE_CHECKS=0 */;
/*!40014 SET @OLD_FOREIGN_KEY_CHECKS=@@FOREIGN_KEY_CHECKS, FOREIGN_KEY_CHECKS=0 */;
/*!40101 SET @OLD_SQL_MODE=@@SQL_MODE, SQL_MODE='NO_AUTO_VALUE_ON_ZERO' */;
/*!40111 SET @OLD_SQL_NOTES=@@SQL_NOTES, SQL_NOTES=0 */;

--
-- Table structure for table `admin`
--

DROP TABLE IF EXISTS `admin`;
/*!40101 SET @saved_cs_client     = @@character_set_client */;
/*!50503 SET character_set_client = utf8mb4 */;
CREATE TABLE `admin` (
  `id` bigint unsigned NOT NULL AUTO_INCREMENT,
  `user_name` varchar(255) COLLATE utf8mb4_unicode_ci NOT NULL,
  `email` varchar(255) COLLATE utf8mb4_unicode_ci NOT NULL,
  `password` varchar(255) COLLATE utf8mb4_unicode_ci NOT NULL,
  `created_at` timestamp NULL DEFAULT NULL,
  `updated_at` timestamp NULL DEFAULT NULL,
  PRIMARY KEY (`id`),
  UNIQUE KEY `admin_email_unique` (`email`)
) ENGINE=InnoDB AUTO_INCREMENT=25 DEFAULT CHARSET=utf8mb4 COLLATE=utf8mb4_unicode_ci;
/*!40101 SET character_set_client = @saved_cs_client */;

--
-- Dumping data for table `admin`
--

LOCK TABLES `admin` WRITE;
/*!40000 ALTER TABLE `admin` DISABLE KEYS */;
INSERT INTO `admin` VALUES (1,'S3qdrlrMMC','wvriud1T8n@gmail.com','$2y$10$E8JjnqpfRjdhcJiBkgIx/Oaf/O.rYliDlbkBSPI.UNRpPI8OIEck2',NULL,NULL),(2,'Xvuc5FBQQL','o3J1bbtRqt@gmail.com','$2y$10$nIE6m4HdIQyUkA00TSQULumyjsHI/OzLQDRBEJP9zTcI2UqmEBnPC',NULL,NULL),(3,'Zu5DcNSovM','Jp2ovoJRmu@gmail.com','$2y$10$Ga1osPfEi3QtxEav/Ym1/.UYt0hKKukzjAUOX2dbOUV8eHkC8b6w6',NULL,NULL),(4,'3xAI4fgqX7','EZHxwT1bVm@gmail.com','$2y$10$EdoMKnJFVOZD9HVLmjB0P.3SUfQhE99ecgWL0XLs3HTmRc5drd2WO',NULL,NULL),(5,'qn5RjL1aio','ZiAEmvWq3k@gmail.com','$2y$10$q3YhpfgxhxA7QYnUMhOnhOOoNLY5L5Pn8P04laJ5mvGCONnJwQbcm',NULL,NULL),(6,'7SjXZMikv1','n45XfhJ2GJ@gmail.com','$2y$10$FUBK8g.VMMYCCCGToadAgO9hRmUZMsH3VRs0NqnKsFknOFnqBn4.q',NULL,NULL),(7,'09DuvK7LEB','QiGNcnjPmP@gmail.com','$2y$10$A1LgH8O2Sj7AobmK6IweO.m2ZBgs6JKQ.ZTZgkXDMhkNx.51BLFIm',NULL,NULL),(8,'nnvbzwqFHY','RsuCRDMB0v@gmail.com','$2y$10$5z..n.IrRiDtWY2NIaL1J.9GSnMwn9vCY3EfyZMRxrwCr3olp6pOO',NULL,NULL),(9,'1VqRERgm8s','uqW42mAGMZ@gmail.com','$2y$10$timXb0LMjyfqLVXgYsY2yOhVm2FxXDF4K1uOLhIdxBS7ZW3QVYpJ.',NULL,NULL),(10,'UTEgTSJ6Rn','a9JQyfhgZ9@gmail.com','$2y$10$cWNO38XIHOn8ce6lQwm9nOMCw9MeWH5otbSSLV5FO451.w3IxYE36',NULL,NULL),(11,'GuOgw9Ep2E','h42cIQXm5Q@gmail.com','$2y$10$tD9pQAZIMh24gh67Dm5jZ.iriA/fQAStZp33p9FTZ4btdYfTduND6',NULL,NULL),(12,'uHiPNK2noR','cGAC4SkRph@gmail.com','$2y$10$ztlxuDM5PALhn2TcKI5nSOsmnJQUNhDtFur27sTMTqJy8b/JZYVFO',NULL,NULL),(13,'9UaviRzyVt','lObn5uGizF@gmail.com','$2y$10$UJt6Scd6pbuPZ.OMlAx3sew825mH00.mPx/qUPkjW30Blv.ubxcza',NULL,NULL),(14,'PdMB9TTLtS','tdqBxhAUX0@gmail.com','$2y$10$ed1z14NPjv7zlBFHeWDbHeDgENGP26hXNalbLG3BPvdiNeOKgVqZ.',NULL,NULL),(15,'F397LkZo8h','85viZNr1Id@gmail.com','$2y$10$fsCtjhDkLBqcOZoKoChRhO.HA5Y/fA9Pys8TyTx7dqQD/gh/xsgGm',NULL,NULL),(16,'cDJZR6TGFe','lpXNk1hdEZ@gmail.com','$2y$10$lb3cAjoGS2HwI9B48Povq.hauFVY/.ZOs9aVd46VDutU8PK7KgoC6',NULL,NULL),(17,'2pBpyOMyEA','ILS9GuGAmx@gmail.com','$2y$10$M1OaT4K3YTJCQlRRnBISvu6tE3a2.PwX9bsaINo4XFl.helbDuWEW',NULL,NULL),(18,'vnMCPoDz0c','rt3NJDkHef@gmail.com','$2y$10$aNU.Zk1WTHKRFUDwrDLwdu3G76MlYU/4D3CC06FS8xd0cFBQHaXAG',NULL,NULL),(19,'ejV4NO4mD7','vLjQAcidMm@gmail.com','$2y$10$kLrWIOi94IP7Zr7W8ElLFuzC5Vk5pVSNuk3WoM0a7pyxv2k8WQpDm',NULL,NULL),(20,'UqMCSOudw3','AkRyfOlg7H@gmail.com','$2y$10$5aAtytieBNZu7TV4g6nU/.bdwY4z8rWJ7KwSXR3AuhIKMkc.lbSDG',NULL,NULL),(21,'PrgM2FhFzS','nsoQSgOZNh@gmail.com','$2y$10$XwmgrwYipIoMSdz2R7AsduGT8xru5XvJJLqPD7Sy23o612sA2HlCu',NULL,NULL),(22,'X3bkpx7FZU','zXVBNyCGSS@gmail.com','$2y$10$DhapckbvLzSY8dkyDbYuhuFZ0734ekBmFtsMNlv9WWc8OmWb52Uju',NULL,NULL),(23,'x3gUMQNh7D','1DYpPnA63h@gmail.com','$2y$10$B6RHumVYgOHvLU7thxInC.E3CciRytVdp..u04t.7/3G5uEaGMgB2',NULL,NULL),(24,'ZIIS9qaWXD','uJRiRzCM4N@gmail.com','$2y$10$svR5/CbmzCuItfhOeyhuFudxse/ruM8tBEfmuKPhIjvHD0B/uppOa',NULL,NULL);
/*!40000 ALTER TABLE `admin` ENABLE KEYS */;
UNLOCK TABLES;

--
-- Table structure for table `categories`
--

DROP TABLE IF EXISTS `categories`;
/*!40101 SET @saved_cs_client     = @@character_set_client */;
/*!50503 SET character_set_client = utf8mb4 */;
CREATE TABLE `categories` (
  `id` bigint unsigned NOT NULL AUTO_INCREMENT,
  `name` varchar(255) COLLATE utf8mb4_unicode_ci NOT NULL,
  `quantity` int NOT NULL,
  `notes` varchar(255) COLLATE utf8mb4_unicode_ci NOT NULL,
  `created_at` timestamp NULL DEFAULT NULL,
  `updated_at` timestamp NULL DEFAULT NULL,
  PRIMARY KEY (`id`)
) ENGINE=InnoDB AUTO_INCREMENT=22 DEFAULT CHARSET=utf8mb4 COLLATE=utf8mb4_unicode_ci;
/*!40101 SET character_set_client = @saved_cs_client */;

--
-- Dumping data for table `categories`
--

LOCK TABLES `categories` WRITE;
/*!40000 ALTER TABLE `categories` DISABLE KEYS */;
INSERT INTO `categories` VALUES (1,'eDt429pcFNvCEpibW0ygwpyEEMncZCfA0vTz9yO6sESV4Zy7FdDcfIBGnrkXWTLJbU3UtR72Vz9gZZLJa85sg2BTfiDN9Egoeq2L',9,'BxDUO6y0enPPG3Pp3gFmYEMqwBZFf6pUpQcNjA78BXckeoxQ72IsKUIBvrJ4qjPgQs2r9uYcPU3xiQqwn5j3Ccnh0R4qonVbJdAm',NULL,NULL),(2,'JNlU5SyTU2tSG12PWGeTjn5AkJrupbQzPXoid9hXY4EeTiV4YTwY9G7ulcWk86YdP86pipTj7Nof0sMXDfkIL6wzXk4ejTky5lBV',21,'nl8KHN0iidYKvkXYygunxGVteGVS71sFYXO2leVfHVbbTHH4Qkp7BgDhkkFtFvQFinVKep2BrqdcvNQ3y241IU9hIVSWDHJXWjpJ',NULL,NULL),(3,'zYRcdoSKsDOIOBzJWjrFra4OFqg5fy8c2EXrBKKXX226ngLCgwBlXzXnJfJXqMlGkvcxRI5RXARHCSEJUGM8AuVC0a8PFeAFcr1t',6,'UMQdbUInf8786SuoRB2SOJBLUbxlzcnsMAKLO7yWVgR4ctEVypOKFtq7S2M7IO0Ni2dlvVpslpKwL1knSXADId69bEl6fmEQutTj',NULL,NULL),(4,'ikld85OvCi2ZPVLGESHrFi8GWIWlaYU0vdf7CDG0zpvo2XQgxKvLjmmNONpXqvkFwbRa3NrsRLbUSSFWR01XWbZ7aKNesLHuwG00',28,'a0U3JzP6xy3PFybCxRm2Rh0NOJN8Paaw8vCEcnWVa0Q63EyIGerOCU9eXg28lmAHoCOCgfDQdyywasNIIUXAivLo6GdEBGKwVxEQ',NULL,NULL),(5,'LUsUVFJi6NuneBhJs5aXSE8D7C2FFiQLw4pc5C7jYtClit7Ihsvxh9eEbgk4O9cjfR4s8YNvF39d12tD7SqLDLkzm29U8yNKV2T3',63,'RRKPmreV6QllowaEQXMtjj4Id9KtKsVM4xWAcdyFa9ImG3Id6hZjtNWVouZbMjOOUl85fdZ9sgOzrCzbQ7xK2fWzqbD94HRzv5EQ',NULL,NULL),(6,'ZFoGk8XHRnqWOo8EtTnpAm3XUewPQpRirysqdbUl4IPwYw6ei0oeNUgnslC45R5M9N7w29U12T2Q6Psm8RD80NHl0O0PywTugr4F',45,'Gd3mjh1V3dHOnIDo4zHL75736Hh4mfj1J6oiQmtNv6gUbAFrI7YKAidWPGbNFU1ziFUWYxloILXNfre1XfPhdtPncx40A6s2dVNF',NULL,NULL),(7,'4rGMAjcRR0YC16YE4dtxjeTgtOd6xKXZLvPjKe9BovcW1P5m5HAceZ5AvE5ChZ7T8VpLHvklVYrhxNw1nMyUDdNJcxNQ8Noac3Km',44,'p3IBvLDhCntRYVyTsEOx2qi9U48Vqd5QSJmX4kzdcD7TGOidlXnBVSpPJ0sETse3lfMCI1l80NrndHuC3HKHODwPJCK5ovkd55ge',NULL,NULL),(8,'2o8CpEadx19nquFlHRtye1rmzTmzuT1ZNd8hL02QM2cVpaRp2LE7wq0TlVyZb6PqIv8kD8Ocu5Zp0isBYgpC7ojtItmMwKVFMFRI',16,'kXwmjlQ50qwY9k3gvG65CYgSsTR3VdMaPZzne3Lmj5xL5EnW1WOYrmNgX9P7zlivcLgbEvBbsLpUKFGWMUdWKaw6e0cmuqB9mnSP',NULL,NULL),(9,'5YxPlw6TcvcS7K2LbACJFi7hyuVnVJowOmSH07GQhrjM3A7Hdu3pBqgiPr2D1cVz7CzZCaln8gwnL9wSteeR0ERuXEfvpi33AAd0',82,'HCOaAVy4Y1drzfKjc2BrQD5oMdT6SX0sbc3DO9mVUgLAQEpFcb6zlvGZ0MVrLH8A86MFjn1IrciwnYRtO7eX9XD4Mwnj10GfiHBY',NULL,NULL),(10,'Ue4Ia7SdvQZcw7TBWXMfkCPum6FIQNweWbjE1O3RVJwGOydYeYSE3f1xOgloL5CsNGRv7ulJP5Ck5OxmzW7W2rJ6xt1b4ac2YLhJ',14,'JYuYrv2qZPwWBlxai4RIl79OzJQiRk4F002UU38VeJ9cjcUbWgTxgdafkM9KpN8hZVOO6Lbs90ItQHqFlXNwx4rXY97JmcT1oVv7',NULL,NULL),(11,'Wm5f2hee3luXJ9El1wxhZ2fgV5kMFIAdCv2WCiBDAw3jRKg0gKVWUg4ir6dT2kkndYYbkmHTUoBtMDW1rXZYK3jNkd1caCgCnF9V',33,'Gkn5IzNTgNMJZ5y5qXm4CkQEFwClOhZEGFbDHbOBIgo0WMKD7NSFbIRH1vNywCKBlT78RDrAsYOG2FvV2rKsJ9liND6P9M0tQKU6',NULL,NULL),(12,'Dfrt5zdCxjsrnvixXMbJBHojxIlXOKdJroRKWl9CmwyGEVwz6lVTXvqgnNZTzBJJJVTERRcFgfYfwec9HdzjAHjFkczhNYDw2C0K',50,'Pz2DsWB82IhIYKwnVBNrmCcNxtjzxAKAHO86L7YDkB9qMru0Uz8YvPCjTNDGRYc0rY0xyGt3M9ZFLdssVFsDq0pqmn3iI8nK5xf0',NULL,NULL),(13,'8sIW4mESADF3ylkbeeksJJYEJxWthdBRw3Ug4JPNDlNknUe2JuiVOYtEHHO8NhnuceTP52S3Eu7ADGSiuoyCP3l53BrzRtCKDAEA',23,'SvxSvRKGQwlx4MkBHKXCyw4uwQjOBlWvo35XVz1C5oW7W7ueicPyt6m1y76crYAtZUfRq1gcrjt3vbjIjW9X1ilLnEjxOgLgsRpE',NULL,NULL),(14,'rpTJ5WyxPDCcoYfJRqMvS0i5A6QLp2lpgpahFtew8s4QW0BODnAgVW73KPKvFYKMXwjWjTxrtEOl2Z3j2k6zcD4kS2iDUjd3BVNc',72,'UndMiucJuP5oBDN4I6orIFyApHqKGL03P6RGEHgx8MYO9CuBw9IR0zUNAe7kPSb9Z5EMDbRQSOjTNpNbvgqYrPwp1ubZFb97g0GW',NULL,NULL),(15,'v6qs3LoJULqKzq7uwcgfFWZsJlCYhdI0RgwtwKX2JJX92H1VuZa7xzjaJVwMQWtcYr8jUPyEVXvRVlFTFvZ1ZFDgSaimB3cz6Bjy',20,'JWyBUKZLzoRvXz4bSQCzIsIZ05HlGbdYHOtvC0GXExPvf2oQvtTZ4fmC4IHHnUxLvQR7Pbhs5qrmbxYTuUlvCGDVmOOVOTJ45IkC',NULL,NULL),(16,'t9WOtf2ck902ChtPp7Er9Cy94j8HAEInOficcDW9rg4ltj8GbaFzsA2O0ZlKGRib3jOWdAvqLRIeQjDlZDv8fDcSGwtf1kYRSLG7',68,'ryCwfCVW0FEsgfI8bpxy2wlEbosjjCOOLu9xURGKqg5p2ljLLaNUjT9CWxOu3UVrlRWtLda32678nSzg2fjtzAqH4efRePdhs5KW',NULL,NULL),(17,'mYGxYHnLRqSJ11FAgjeXlzgLyrYx9IdCmZuappSnIzh3BItFyaSLe9MLKDKTqddOzBywOidjbDvzZY2dA20j0OZbmNw4bcN88jTs',100,'1iSxykpLZwOPCWvkx1PODXjguxy5cKEDTQvBHV340RlroC0zl53gs5tnMkhb2riNUjihAMYsjNVYjhCOk98H4AYiQnd9uYDJay2m',NULL,NULL),(18,'ZuqzoXvx1o6hZsIjOHBWBd4fG53ZrS0xRGCLE8Oe50rkH7Fsj0zT8OEYxgY3BpoGS8od7f2N4iGpqD10ri16z9VonQgaHqXBxebk',26,'nbsPfFyHxvHGrnCYOlpE9LoZdG5DAInaWykbZpwKmB71XSA08x5HImYIcy9NJxJeP3PBpldooIvm1NKPruMH16JLXFILZZKGCWOo',NULL,NULL),(19,'qxfVrHOLHEMPhfQzVzzC0KV6BjWYjJT6j3LXzadi8ZXSnuQ8caK7rLdY7DbdLGgzoBKvx4RGg5juI7svhklfADD2IxWQQnoA8N5g',57,'Bc9bsH13NHCu1AWj5sVGF6brfd3yecMzLDmWHLlI0ssCDXSDFkSLjC189uBNHRG9ayvEKeviW4zZ8WAKRPcTCDK7jiLlZPXJ6rjD',NULL,NULL),(20,'mmLtEcusvhUsAsJWV2ZCCwWTOqBUW4f8FZ3ynT4Qi8zydpSQIMqe48ZnMfoxOB1WEIrVG1u0zeqlI4jtxYXRm6LjT6rm55a5NMiE',30,'4zSWKWLkQsuBxkhcMwJowGn5Tb6a72NwjTrWTqeRW1Pdz5QsDOEQk3wUUOXIpnjUARl8Zbd69ZLMHuniHRVwCNLUJ4fyWfUCNuLH',NULL,NULL),(21,'vkVnD6wR2CQuPQGaIBtyK0YkN2i5lLEx4ATHx7KTAOnAqnyVEQZolu6TStkm6VX1dV3a6Y3CRNZiOx1qa8OcCJSM0FZvJUJWBRRV',45,'Fmbo2LUTPmxB4qq5vdq0oJ2kQJJvzq0iwjlETLO2qqDNZwkIXCyXR7F9HTcP4HnEoDwDSWp3EiB8zNOYqvuji06jz1yLz5GBKxez',NULL,NULL);
/*!40000 ALTER TABLE `categories` ENABLE KEYS */;
UNLOCK TABLES;

--
-- Table structure for table `departments`
--

DROP TABLE IF EXISTS `departments`;
/*!40101 SET @saved_cs_client     = @@character_set_client */;
/*!50503 SET character_set_client = utf8mb4 */;
CREATE TABLE `departments` (
  `id` bigint unsigned NOT NULL AUTO_INCREMENT,
  `name` varchar(255) COLLATE utf8mb4_unicode_ci NOT NULL,
  `slug` varchar(255) COLLATE utf8mb4_unicode_ci NOT NULL,
  `quantity` int NOT NULL,
  `created_at` timestamp NULL DEFAULT NULL,
  `updated_at` timestamp NULL DEFAULT NULL,
  PRIMARY KEY (`id`)
) ENGINE=InnoDB AUTO_INCREMENT=20 DEFAULT CHARSET=utf8mb4 COLLATE=utf8mb4_unicode_ci;
/*!40101 SET character_set_client = @saved_cs_client */;

--
-- Dumping data for table `departments`
--

LOCK TABLES `departments` WRITE;
/*!40000 ALTER TABLE `departments` DISABLE KEYS */;
INSERT INTO `departments` VALUES (1,'krJEAixxVfOTlTufL316pR5AvopuV6P2FI4PCcCV3WrDCfTuhaudDmaha5f0LIitpt0UKmw6EPlEy1voYde7dHfHAhU97f81hbB8','nR32CV5aSeOpA0TCYa8oAsxKgye9w2iDj9vn1alK7H2d0HCHcX0GU6bgGt5s6qc6u9KgX5hyUG8AlwjanTWfUHHNQymIBeCssUz0',92,NULL,NULL),(2,'Kc3cwMkZuL1L31Yg8gtxQhniJYq7k5XpIqzzjF7vjtHTGp50EWqhqR82w1YfnmlfJvjTyzZLXXG2YKvSKpkth37DHcyCb44JOLGO','gPgr0IIwlGIGSggPuy5DmrBgdwLZfhqHH8wyMs2eFmwBxef0ZpinxqEsnaQ5CIulqVSium40BO1xd0Zpj5ngZCDIqI6Qj1AlmPum',70,NULL,NULL),(3,'2LWsjwJCqrh0IHrPcgKmtuPNnaWzanmv5NRR3lacuhbyZPkcEdFFjDEcIco3HkZDoaK7MjmyonENu93PKNuq8ls2yROajT6ocD2R','ysToReVOngbyosKHmRgDOf027MZmeda1htkYXsDajpvP73j0HOSv7cbTW3pLogLZsaXQ5kPbowF4AMYemerB3L0OUXzzoNqe3EFi',15,NULL,NULL),(4,'lfd9EV9OKAIkTNeNim6rjhbFAIBSgz3oEuttcLohH8F2LaPdgAa7KgecX9V1wcPTZo3YneJEB64OBfBJApUMBb3Q5UUP3yobQSFZ','BwMlmuuzxaXerWuWFFyR9Dg43VZJKyLBb7flKjqC2fukpE77AtaTldjkqck8nwBPng1TuXfCH3uoBdGe87jPg3ny2OJDKdWzp6tf',9,NULL,NULL),(5,'wgFw8CdSwu58jIRV1RVslOIz5OPzMl6T9V3v6YKriyFjqZSnwZBLgxt0uc0JeW9oOzuvAzEFQK0wnAo032a5snJqU5dHfg0cP28X','szIwL5dDjG3GntzAKbUKPoUGaChO6j63dqE71jmJo8KlY2wArsEJllUBDHjf7FbDEntmGoT5dcJslB8UBOO5lguKuBqbEyMrENsw',68,NULL,NULL),(6,'drVD9PRFjJOfZZhM58pEXNCxwqFOVKbo3OGVflA3anWneT4HHhSvDqrzP5mH86wZlC6ld50QtfyogULJsSrElJeZDBAMdN3QLEAe','hoZpfhTf5BemnOMi4CHhMovZThCm2qQj4Y5Jnnh7oyVoRQUnNkNotfwui82OsM283j3ckmQcwNVuwjp4N2CpvlLtCwnMklYlEtdp',53,NULL,NULL),(7,'drU1HaIFeNDm5umJZbnELwV5PURiYB37VfZ0sC3V1EU8798POAGNfWk5iSfzLD7TaiXPdyTKFv8JiUjCJy92iBeOh41MEagUhZiJ','unVjfRLNOrvT7UGmPrVkmsYrPfW5Praacn0DC4aLDGREA5ZdNTaPwb4VOOLuBLPJg4wsHurzFadWSc0k5V0YsuSbvhW6flU1aICU',98,NULL,NULL),(8,'pmKJ4V3CyBqLPr8b3gM5A8OYklnvhO8ComG5HpyI1JpYDGv7wh0GT2HL7xLwwOP65pvYZzSbl2IBjknbSduhx8C3E8L9cKN3wsDs','fl7fcJsQQGRz1JyWje6BRZCnczyiSkfQL0qOJBgin0gKUGhefPBjSOP1yvrPBJLkZ1gGfoizbYS8ugwVS6rE0RyG7SfJUy1IcaA5',1,NULL,NULL),(9,'6YmyoVwGZfVdxfmwOxNYM1K8N6cNtqDhuUj4uhPdzfd88d1kWuAv68RQ0cuCy8SEZoEzz3oI0phTY0uTuAXGgNv5q5oLlmmQU9Mb','kdVtNqd4UKcqux67xtlsN8ijUATxSjzRMIRGdpToQAQqFfwV0gyEngTdaKnVpjB26EJafK9J06aJNP87lOfC4ApcdJhoxPoTRPgj',96,NULL,NULL),(10,'PClFQTHxHfsdx4V4ZYMU97RdQo1PXuMn8ba2CJi9ijO8DEFj1B1DYjbkmaSS2WYREHzQ7ZjSJdsbxggRBNmWxGmqFLggsasHhuRW','tFG9xRJLWoVoaNiqfgroVJWh88pqdZXXYMEHzcwTKhdGIIvuflgtMxYuICRjDYjwCdaA5GgvgPgYwwfFXyphEzdTitBHsljg1LE4',88,NULL,NULL),(11,'8U5YH4HLyM3F00JoVOP4xER8syNIhVIDLBoVcBmiP6JNDXQ6N0blI8DftIkTG1Ih6S7TMYhhMAvW4fuaI9ZDkwaV1Po11hPUWlCl','Wm1HyfzgQDnrcAvmTGW8JyfNPgL4Ibc9YxpHz1UXGdXsrrpRsMn1gcI5nnsprqPvuZaExNlMlB1ld0w8PcnNM71ZxrSPN5FMbfLg',5,NULL,NULL),(12,'nXUggJw04XvbprqnXYYJsJg4sF1ibIIT2gVx9M3GQIfQeQsM4Xmn3Yxleb2x23uyyImzzyANoV128M2ebo18g7TS1UcMe5gCVFUX','UMFA1dRALF1SXlpw0mAN1ZLEZVIwU8yihdmyZpxOjQMhRAeWowLTglFPh5DCVvTJCv6HyoMqe1HlXfW7kVpVNSeiCJmgkWUltUXe',94,NULL,NULL),(13,'gC2DBe8X0ngWyGgI9EhcIfBXsrM12YdH3eqhPayaiP2GSFQt4jcqEPhAp0CRO72EHrCxskUBzIzOoRZynNH4MEZWYtg37ZUlZbM3','GVKYG6Qij1rSO0c7597X3V0DBdh9OkgPdZk7DTzB6DllxZAoNUjLa6OBchG1T2yWAd8TaCEy7WlXrljQCJbCIVbP3xdLd5JGyXpM',89,NULL,NULL),(14,'hVhyTAwp6sp2s23bS4rJT57gXAb6fXtoeatsw3abVc7T0XR3dNniBQm3pZjqWR0LPacVtJ0p3Hf32Xx6RLkRIHui19FTvymZD9uc','p9EB9xjplvzEl9iVFehquclPxYeWPcAlBNwLB5bn1tbNin2THSZtMAWR0tTFglLSwGFYxkb72jtTuYOpLApXYKlQ5hRZ2adWgKeN',1,NULL,NULL),(15,'NCRbC2MI80sYqNrAycJkh2xb3nPlVzjbiolyWJvmaFOEpN7yTJFhzPSjx1qx4DVdz0TUovxUtV5SwhnZtaG0Brz2wxlBJ3Cd7DuB','HACYGVNdtxZvSVKlJYicCZvyayXTUsFQ5zn6r3elcpn1LJyDrZ9gT2SD0ntLkHgCJbumZYnSDl0XNVCAORDJUnDvJ38BANPmlxtm',28,NULL,NULL),(16,'K6XGZtTZiTU1Fv8tAMpbMVjHCgSgzj02Goe8Z9PsXcvBHFQYUYCmCMnE7ItI464R2pXfgz7WdWiQaotx011gQd8mvRxOFDbbyUxD','GU8vt6XxVhCgji3bvZjnT3BGjvZmUgtt0zQ47t5cQy1vQ0PK691xqSNo7yA0O6nGljcivPtndfdYNKCpRplhWr1DbXlbqTZvPzh0',2,NULL,NULL),(17,'xChp5Axt0hJumjs06kGVmyae8NR5eBgxNJQCEpTUxrMhtozmjHNx12wyGcvjH4SdftqnVThEG4vCs10SV9g8CDk94o79ZTNEeCVn','FRKZHlbotJu9HAA7htuSnciCFtgqZrzzTqYVo6R1gelQ5xw6uV1RxeFwlwcKJwj9PIeSdTGTfB5Ji6JTe8NkYT4hdasoSDZlD9Lz',77,NULL,NULL),(18,'tRa8VV2TQUxLCPM9DhGh6IMAIDQNCeY7MYMhX9L2OsobllamXfHUWAHe1YreyXveSSspMb5ZLali7owoLC3moSnEvmhG7oreP6se','v4NFuMK7X1E5NhfHIlB2niKwdWN7sRVbg8wIdXKJ96H8ULRV9KAkRc9wB09bLhTocNIFyPmjJXA5qaqiQDA0t0bn94IB2QgqqZuZ',40,NULL,NULL),(19,'cZkzzcmZ7LGnx12xXmbrDW3O8CvYtLxaG2UmH6K3p4veWW7JU79oYRz1rqmhTE4vvTXfZ7Av4gatZZf9sWjGTSnRGt7hXcFZmBuk','6iBOYxeuEgAlfSrFVbcfSBmczTbqun9Pad8777RHaK2Stuc1XFHBm06SR3KBIFz3ddY6a4pJhyXvmuzmmCTQsWMrz4vv4LvKorRg',100,NULL,NULL);
/*!40000 ALTER TABLE `departments` ENABLE KEYS */;
UNLOCK TABLES;

--
-- Table structure for table `employees`
--

DROP TABLE IF EXISTS `employees`;
/*!40101 SET @saved_cs_client     = @@character_set_client */;
/*!50503 SET character_set_client = utf8mb4 */;
CREATE TABLE `employees` (
  `id` bigint unsigned NOT NULL AUTO_INCREMENT,
  `code` varchar(255) COLLATE utf8mb4_unicode_ci NOT NULL,
  `join_date` varchar(255) COLLATE utf8mb4_unicode_ci NOT NULL,
  `name` varchar(255) COLLATE utf8mb4_unicode_ci NOT NULL,
  `email` varchar(255) COLLATE utf8mb4_unicode_ci NOT NULL,
  `department_id` int NOT NULL,
  `is_manager` int NOT NULL,
  `address` varchar(255) COLLATE utf8mb4_unicode_ci NOT NULL,
  `phone_number` varchar(255) COLLATE utf8mb4_unicode_ci NOT NULL,
  `password` varchar(255) COLLATE utf8mb4_unicode_ci NOT NULL,
  `created_at` timestamp NULL DEFAULT NULL,
  `updated_at` timestamp NULL DEFAULT NULL,
  PRIMARY KEY (`id`)
) ENGINE=InnoDB AUTO_INCREMENT=20 DEFAULT CHARSET=utf8mb4 COLLATE=utf8mb4_unicode_ci;
/*!40101 SET character_set_client = @saved_cs_client */;

--
-- Dumping data for table `employees`
--

LOCK TABLES `employees` WRITE;
/*!40000 ALTER TABLE `employees` DISABLE KEYS */;
INSERT INTO `employees` VALUES (1,'lR10DI','2022-01-19 01:46:31','Bj4v73bJe1YbaScvGor3I9TbUbm5n112WXMFwB5gXTCm5HA13Q3xCvS2PRVfZfOIrYesioAUahAm49T3DZAtfAfCEQqV8koYAQWD','pPM31XQDdz@gmail.com',1,4,'eLkGe0SQHIR66Gw8mJtTk2hjCfLtSLLMf2Z6Vki15Iee947wdNlR4CbhfMoiXvoggMlttykUuVtR9MhWdAveEyWMVjprhkdYprPt','670124410','$2y$10$zsorZDc6dc.5EiP0YLIJVuu369pO7nvN1358kAowPEJCrNLSxC8CS',NULL,NULL),(2,'2uylPi','2022-01-19 01:47:52','VChFwpwGZksnHu4soGPF3dZ5iYPmTG5UshkkWVT9gaYuc317QeOOgDjvx5ptNEsWlzOWoJynIcYhZSSudRtugmmTciuArqUMAFqI','jEN4lynpHW@gmail.com',1,1,'1KFpChPWjpiXILVoZQRC1uO5aYytNLpAIt7nDG2J83bbAPDhXErXzmwmvX5xytcbJ3RruI4Ds3IoQJ2dOvh5yduPBIFDbxuPUdhE','994041712','$2y$10$.uz4I3OZ2p/ZJOJWbAsE0.d8Um./kcMEkNcAgqa8PYt7LdKB0ExbS',NULL,NULL),(3,'IW9XyT','2022-01-19 01:47:54','vcMAiIplvpBObhUCb59MVjcpKZL44Ku7GVIxxmWuX3TTIU2r9wWSPZxTx1EP51cOLXflsqrQc1mgPCj85ArHSrB7wvm0C3LmCv8d','8NgXakwQJV@gmail.com',3,4,'SssKQCzgZPzt43oCPpDoGlr1iT0IvPPVQOHguXNfJsgTYrzm8sPp9hAHXJlJjrhPz0OlfsdoD9DxsNdRNw7PfrcXLQaCBeCQmd8G','148733266','$2y$10$YxZyW8QCtfJqC34R6G.NTuHEUF/JFqewv00Dk4.XGBBi18v6ygj8i',NULL,NULL),(4,'daST7L','2022-01-19 01:47:56','XrM2lAaD3Eyd6p3s2CfRlZnIH39Q2922Cx8x6NIfIHzLju0XyjPWkVehwXGV7QAj9tqsXGhqvgqofOETSD5MNGOpSU5TWoIwMbnB','z6UrPIGcOJ@gmail.com',4,8,'j2ODCVB841SCvkuZ0A3wSGDrNV72ZV1n5vGF5i0HXhob4Yt1q5iZliNRfl6VFJ5ePy1MYjA4V3GwKd1RcwlyfRs3PcYvuOOa1IeZ','542973436','$2y$10$0UKYCXMaqIuh1VWmTug0.eIIq4dzHaFwyFTDnny5pecgWaF34/F66',NULL,NULL),(5,'B0jQVQ','2022-01-19 01:47:59','SZMFU4OGTo0VLfhu0NWJNQcr3CYX9Bbl75tB9Cg8ybuooaO51lzedwAqCOM8NI3rCV6BKOdTbKAXQxoPyGXGuGIqAqEKnjAeumNJ','vCMD65itoy@gmail.com',10,2,'5KDHXR9B1CYwTHV1gjVZD4q7MPDPcjuBv72HFkPQl5tPtVh8kz3OC6PRithh4vMjeRoBMNKs0dDLV84RJ5190VVXXbxldTzf9bvk','886081924','$2y$10$QaJzhfJkabDjI8ZBurQ77OrdytLzc0O9dxzM7OgkQeY2Z6qSIh8yK',NULL,NULL),(6,'Zaef5n','2022-01-19 01:48:01','QsCu4uq6vK6oetBsbqHTvUmPMVzGajoiBQA8J0LMEQ9XiTfkRVUBDEy2AfwgGhc6C1qqotblSDI3m6uaCajVeGWut7Ql3Qh4hWKA','ywZuGkrG6O@gmail.com',5,1,'VZEHCw2RdThQhSbEuK3cNg2Mulru5e0QS8Z4LH6nysIHH5sLdAlgdg0WuyCZINi51PPGNaXioXWCV0hopwg2RP2q9FbQcT4d1HT2','566631705','$2y$10$H7PLdhYVsZpzU.4F3cZRp.kMPo5F7D6npfPoAv7e3p0pYfG6i3eT.',NULL,NULL),(7,'qNRQWe','2022-01-19 01:48:03','ixkl9eYh6zLTdAdmseZWzYw5KQ9Wiqs7UMgJfkNpizj2YgUoG1TVaznaSUlQI8CHVKIeJdvVfLEEukmVWRr1mlTiHs5tdTsWqgHU','avfQ3rIqp6@gmail.com',4,9,'R9CFh2Bp2HiErNaOHBc5eSMzqdQAhYbMicnll0o3FzI9UYlZMkxtQflAAf9tHz5ptuWbIKoQa5dRWovqnznaklxx27qBYhAt4LWI','637455182','$2y$10$Yx7IrFuAMCUA4CtE7Yb8tu7AZi8cD.FYyFll/hs4G0cSpOGuwbO7i',NULL,NULL),(8,'jZmHH6','2022-01-19 01:48:05','5mW8GzNye445gKZ93omiGLUgdSASQxLcbEwkTh6MSkac8WygJxU16sLyWVS3XcFbX3sCB2b3qvswPPTNzLqUx9y94CUOOg5JjIRn','qRhVbcXolN@gmail.com',5,5,'estTW5pYGxJTk5mKE4wpjpD3US0IQRaRTHVvxJCQsGqKegGPFxEJjlUqSRIQrnYxkJz2pVI5SJzQljaEH118hzVS1h3WkAVmbLQT','872442660','$2y$10$E1WBqAtgFjYO0nobRj9qUeEEjuFFha0FGGLxKzmhHoY4H5pVcemUS',NULL,NULL),(9,'TFXMhd','2022-01-19 01:48:07','DkQzaADGSuf4LOHYldfEkABhrPwgm4CoNHCVbj1jH52dYY61qp6EBsrU20bcoz22mwmymfyxG1QVHknAv7x4dbMQghG5HveD8nwt','bRImR94JSK@gmail.com',2,1,'1YjkpQh9wyO1BIWpocjiv4qvR57iRbU72aP57u7SIzAMYt27MZIjDFz5yB5DFNmJA1P9F8FwmZrOL3UIdsOhKaKeysMYVJAlooj7','604868203','$2y$10$yasOi48zJFPslLEB2hekgeYcaavdB/uc7iuzhX5jmGOse7bXgxW7i',NULL,NULL),(10,'7twoHf','2022-01-19 01:49:20','TV8L0oO3DfKdNJ6VITUJLoYo0XrWPgGVPxupcjEdIz6PNxWTdZAja1YrvqIv6VhUmd3LBgcOUXQ9KLnYwUKTCSsHEcLNF7dTV2su','R4wX5qD4Xq@gmail.com',5,10,'I3kiHKZhwxhJmMDGAwZrJvSCL95iy18HpHRUPbJO5zdBxHbBq7HfrSfeMxM1td8cC1LWjbUexa2ChnfARpEgWXsZxxQwepyZqoru','649450638','$2y$10$DWpQXMUgOe7btUt6e0DJ4.qfXubG4bBia2F73ADREMF7Crj0kO9ca',NULL,NULL),(11,'Qfy0CG','2022-01-19 01:49:20','N0pghceFm9Edzdvpontw9YLDL9mhahitK7SRzfvFMzCaba03KqgiBz1dVSTPPUwcRx4D7tTl5Our6T756y6sLl5qvvyBnCPTFc5V','YLlOhwgyyQ@gmail.com',3,6,'9edJqBaIqBrBHt8UJGT2RvuvQOcGVwq4zNe1BRGqt1Elaw5nvEDN3Uh9jw8eL01H22PAfEvz5lAyqs3fWUP2tYxEBxl5kONUSLKc','932847989','$2y$10$8ZpVTwr2qkFksFNkMF4fZ.yA.A8sO5apL8W/iTyGR.TGA6KzWTqyy',NULL,NULL),(12,'IIgxHV','2022-01-19 01:49:20','1IWkcUvw9jx5f7Ly640xox02HoJ0XprOvx0e4wQiYAZkKj2T4JWqW6l3sBKQgAfhoiuKBMOSfpgAtUUz5ZzTy3cQQs17sMU3bSGx','NnMK2PGRds@gmail.com',1,8,'nxZ8SZjCdbtuTgszk2taE3YSGMQtooh7B13YgsiZNjAav1ZTIsy69H5bPtZukq3HkJIiPRpo01BSZoT01h82BWD2CvSCaVVbr16V','713544249','$2y$10$i8ES2VWBNzJ56xCCsSC0DO5.TtyHbmCWXJ93Gl4kvRz9qfrlR4jUa',NULL,NULL),(13,'gMYGJJ','2022-01-19 01:49:20','2zz9M0qOynh1yIGFBO8J62CVzF5TtNZoqqheHq4noVJ0QlQDFwRQ26pLUaG77hrlL89dup8f5E1OI7MLyuQWhgoNf8lmRNko3Ogy','AHm9zcjow4@gmail.com',4,8,'CbypxdLgLN2asY8EsEfGCKO4gHvK6ZxCjVq1A7UUmnIKMdVdjGvBt5rIt9nEjexgXDZTuTepKQVoRklS54K6FUhNhhqpak94JRI4','195701935','$2y$10$YBdp.K4pFIAvsfQqRj65Bu96PYLWxpcSLhubsKiiboSjZmNio36IS',NULL,NULL),(14,'NAAGiF','2022-01-19 01:49:20','hjMI9yY3sXRTMbG8yfV4rLOJdIBmLPGlTB1jgZLmlkgYPPfIdWGwyBqmdyZ3ROHfvvwLtmRTWTshuqxt9NUejKp1X6LUgS5tZwc3','BfF87US3Md@gmail.com',2,8,'Di5r8hwqQY2WVrrwQhA603Dn2OJimCaQCnRNEzbuevQbnL9j1Ar9KNsHOGdzfSSUaulRtjHsygXOfWF48ySG5MWmMXWilTeN35AW','327014954','$2y$10$QXrm7f.pyDJs8pPmIavgkeQAQVDPMfYFTNKBnc3QhM8R0beNvYf9W',NULL,NULL),(15,'E7PdIb','2022-01-19 01:49:20','8sJevSfiF0FIg3ULaYSd6bH4Gn2aLw4LBmUbSEA1JiputJ5m76GJcYn5wrhNh8ZE0kWEjmSrvzxwqzSGyQNuMHxfShPYO3tJcUQo','8C20cTnoTH@gmail.com',9,1,'C4zJ4MXubopt6Sp6hDJjORZOhBhkbPspwDtNWZY2oOcGgE4hgIJLfnpm4trmIMpGE6zhlXoaP54nWgTd8DcQbl4LPQn1iYiFGFKW','185593467','$2y$10$eL2kVM9LYxSAujOfKBPvH./QBGARoHzA2qn45D4voAGBpHOCasXYa',NULL,NULL),(16,'zGGANW','2022-01-19 01:49:20','AAMXzLIfhCCtzzrRQwF9W4fwtRybJoY5MKi9gcpYA9dqRVyxwcFaOj7oK4DyXEGvjKf15fdjSEqkFs58wDXtmk1plHQR3FAOgqJU','tlK84A49XI@gmail.com',4,2,'6IqzBAA1nUqBg0VJb3LybrBtZrdtdtW1KStttX11H4OpAXOhcM0jAsQ2LzAJfElU4JXXv9yCguZwTwbAoDMEypuDN6PXWP1rcrUh','681671579','$2y$10$utTxWpm.6Wbj67LvJoToqObiXEpta29WL0IoFYdQe4jKD/a6QiHQ.',NULL,NULL),(17,'Ou96dX','2022-01-19 01:49:20','2veM3g2b101MGRR9OpPbiilLYrvyM8gQKe6VuTJAqPjM9NTh0Ezl9NyKa5V3u20VgsuvkOKZ0QWdvA9z7tFShrJOx0FilYntfFlz','1oAKl6BRAe@gmail.com',5,2,'9pIrKDM6givfitdnmikpKx28HRag4dekM2tplO0dqT2C7iyLYlWXxFxysSTCpPWrh59kIg8haEJ704yZ86kUn8evLcD6svd17CkU','623561360','$2y$10$SWQ0SZTKQVUbfB3pMF5s5egqae3lsq8Egezr7b4QOGYeGZ7/RefqS',NULL,NULL),(18,'UNzuUF','2022-01-19 01:49:20','TbW1RhK9ZFb4hAlLNSzhPp8BNPWAidsYOlUHnAhYyTeAdu9qSAud0kPILmmoxgycm5jGpnXzu4LyrfR0ln4EYSoEfp6LmdVkM7Lm','KHCB4Sa0Gx@gmail.com',4,7,'KUegVqx1qNemU8qNYoGMvKE1MhvijQFYxiITmzGpNlySDraUYE0fXnwjItVbZqRFXH2RL35FrHaxrxmIoEqZ8u2VlymlQKJgPLQv','641144631','$2y$10$.N4V1VpCqQsB60xzkyyy7.KdZRa5vcSelRwMA4dQaKBjtyVdSrD5a',NULL,NULL),(19,'g3xwYR','2022-01-19 01:49:20','T43dPf5o2khgvon4xsftqcI8VJ3h44M2YKYP1t3OtP0XYz3lMf7gVI0jmYr301lE8qUOfyXSZCfHQNQqmFvzb48UvvB8cYAPYVFf','EZA4T4KGwO@gmail.com',2,9,'wiM1OfQ3VVYH2WxK1YiJjYih59jox59i2HwjHjPsDmycy9pH5LgcD4tvcYtajnuIWRJuvj4Y9TSTX65YKJ8QiHNT3FykTjYPeUXE','911135351','$2y$10$dgx2E1x6FGOqd9bMjmXQ8.FKWqBSnqzTa/kn7VlGCZcZQtexqx0l6',NULL,NULL);
/*!40000 ALTER TABLE `employees` ENABLE KEYS */;
UNLOCK TABLES;

--
-- Table structure for table `equipment_status`
--

DROP TABLE IF EXISTS `equipment_status`;
/*!40101 SET @saved_cs_client     = @@character_set_client */;
/*!50503 SET character_set_client = utf8mb4 */;
CREATE TABLE `equipment_status` (
  `id` bigint unsigned NOT NULL AUTO_INCREMENT,
  `equipment_id` int NOT NULL,
  `type` int NOT NULL,
  `status` int NOT NULL,
  `created_at` timestamp NULL DEFAULT NULL,
  `updated_at` timestamp NULL DEFAULT NULL,
  PRIMARY KEY (`id`)
) ENGINE=InnoDB AUTO_INCREMENT=20 DEFAULT CHARSET=utf8mb4 COLLATE=utf8mb4_unicode_ci;
/*!40101 SET character_set_client = @saved_cs_client */;

--
-- Dumping data for table `equipment_status`
--

LOCK TABLES `equipment_status` WRITE;
/*!40000 ALTER TABLE `equipment_status` DISABLE KEYS */;
INSERT INTO `equipment_status` VALUES (1,7,2,3,NULL,NULL),(2,3,8,4,NULL,NULL),(3,4,5,3,NULL,NULL),(4,4,3,3,NULL,NULL),(5,4,2,4,NULL,NULL),(6,8,2,2,NULL,NULL),(7,1,7,2,NULL,NULL),(8,9,4,1,NULL,NULL),(9,2,7,5,NULL,NULL),(10,1,10,1,NULL,NULL),(11,1,6,5,NULL,NULL),(12,9,5,1,NULL,NULL),(13,2,9,1,NULL,NULL),(14,5,1,2,NULL,NULL),(15,5,7,2,NULL,NULL),(16,7,6,3,NULL,NULL),(17,3,5,5,NULL,NULL),(18,6,4,5,NULL,NULL),(19,3,1,4,NULL,NULL);
/*!40000 ALTER TABLE `equipment_status` ENABLE KEYS */;
UNLOCK TABLES;

--
-- Table structure for table `equipment_status_log`
--

DROP TABLE IF EXISTS `equipment_status_log`;
/*!40101 SET @saved_cs_client     = @@character_set_client */;
/*!50503 SET character_set_client = utf8mb4 */;
CREATE TABLE `equipment_status_log` (
  `id` bigint unsigned NOT NULL AUTO_INCREMENT,
  `equipment_id` int NOT NULL,
  `employee_id` int NOT NULL,
  `status` int NOT NULL,
  `type` int NOT NULL,
  `created_at` timestamp NULL DEFAULT NULL,
  `updated_at` timestamp NULL DEFAULT NULL,
  PRIMARY KEY (`id`)
) ENGINE=InnoDB AUTO_INCREMENT=20 DEFAULT CHARSET=utf8mb4 COLLATE=utf8mb4_unicode_ci;
/*!40101 SET character_set_client = @saved_cs_client */;

--
-- Dumping data for table `equipment_status_log`
--

LOCK TABLES `equipment_status_log` WRITE;
/*!40000 ALTER TABLE `equipment_status_log` DISABLE KEYS */;
INSERT INTO `equipment_status_log` VALUES (1,8,6,34,4,NULL,NULL),(2,7,3,24,2,NULL,NULL),(3,2,8,30,3,NULL,NULL),(4,4,7,15,1,NULL,NULL),(5,6,6,80,1,NULL,NULL),(6,10,10,94,3,NULL,NULL),(7,2,4,56,1,NULL,NULL),(8,2,5,64,5,NULL,NULL),(9,10,8,4,4,NULL,NULL),(10,6,5,44,3,NULL,NULL),(11,7,10,23,1,NULL,NULL),(12,9,9,99,1,NULL,NULL),(13,9,7,6,2,NULL,NULL),(14,9,3,98,5,NULL,NULL),(15,6,2,44,5,NULL,NULL),(16,6,8,74,5,NULL,NULL),(17,4,7,46,3,NULL,NULL),(18,5,1,82,1,NULL,NULL),(19,4,7,38,4,NULL,NULL);
/*!40000 ALTER TABLE `equipment_status_log` ENABLE KEYS */;
UNLOCK TABLES;

--
-- Table structure for table `equipments`
--

DROP TABLE IF EXISTS `equipments`;
/*!40101 SET @saved_cs_client     = @@character_set_client */;
/*!50503 SET character_set_client = utf8mb4 */;
CREATE TABLE `equipments` (
  `id` bigint unsigned NOT NULL AUTO_INCREMENT,
  `code` varchar(255) COLLATE utf8mb4_unicode_ci NOT NULL,
  `imported_date` varchar(255) COLLATE utf8mb4_unicode_ci NOT NULL,
  `producer` varchar(255) COLLATE utf8mb4_unicode_ci NOT NULL,
  `image` varchar(255) COLLATE utf8mb4_unicode_ci NOT NULL,
  `notes` varchar(255) COLLATE utf8mb4_unicode_ci NOT NULL,
  `category_id` int NOT NULL,
  `price` double NOT NULL,
  `name` varchar(255) COLLATE utf8mb4_unicode_ci NOT NULL,
  `created_at` timestamp NULL DEFAULT NULL,
  `updated_at` timestamp NULL DEFAULT NULL,
  PRIMARY KEY (`id`)
) ENGINE=InnoDB AUTO_INCREMENT=22 DEFAULT CHARSET=utf8mb4 COLLATE=utf8mb4_unicode_ci;
/*!40101 SET character_set_client = @saved_cs_client */;

--
-- Dumping data for table `equipments`
--

LOCK TABLES `equipments` WRITE;
/*!40000 ALTER TABLE `equipments` DISABLE KEYS */;
INSERT INTO `equipments` VALUES (1,'kpZofg','2022-01-19 01:44:12','UepdqtLwIp','vSKVjNoPt8v0qoBvxfTXMtGB4mNa06RtuXlW27157tHQw7c7057xZog51uvHmhkvSjR24my5MqSeDoaiH4Lgs1HfcuhijROS0eb8','0NuTVtXyJTAv8FALLiLG00nHsshehlSPhMxCbbZNe2I5bZsY50vuUZP2y9EPgFGINxeSSsz6g2K8I4nZPI8eSwalwSSdt8ecz49m',14,42,'psRlmWGL1FNVtWBeXQLncnxBM6YugPBSmTipfkDAZAqQtlYo2pCXBfBo4JbYKwE0v5WfmcRTa0CpofSpcpAKuNexbag0JZlHeYQm',NULL,NULL),(2,'72Wt09','2022-01-19 01:45:59','IM5wD9p1IA','rs4GFAaZGaT6dI1Vgg7eEI7KMXMDRTONzh4GXCmx4Dasehr9PdIkl7ls0Nhyx3q9GtE5hsOIAvKjDHQ4HpTX7RVWqJCeqoX00Eaa','IHdtGoNatW5nIKYq3KpjCnaxvsRsDsykriLD23WGMUvamVIhUs9Z0o6YdXH8mM0IrtE0G7kBnPmyKkjuOfFZvQ2ZkDcF0jJYqgHY',44,62,'EuVrVounOdo6wpoMreeF4YUoBy1AIhkRFrwmMQNcEV7hHeZ5VHet4MQhDHlJpCNtqsTeH5UKcFUcunSolUTxFeme290rFA7MB7MK',NULL,NULL),(3,'Im6bst','2022-01-19 01:46:31','3AcX89ywa2','Y1tqstw1fDI8535bHqI2fNaSmLG1EX4MIVToP0hyHfAlayFbc9PHWKFci4YtHeJg0LFOuu6yVRDeaLiZYe1U0sTP6uE91it5dqVv','yy6oMwlCN4qeT8IY3HRIsJinDtyWNkNpV70o7aDR2c13XIQcVNlRlGJK0jkwQ5wry1NSPwBVmzW1EMUelJoijsnkemiK0Kc6CTZn',8,10,'dzuylJTA56o7NwrFvd5Y1Utn4mJwPIY7n7PpHX4HxN6BS2bEg9HfiXtbxkbPOjXOFbIlzQS4mH98yXaolTMuHbSPqJz6ZZ13DBNb',NULL,NULL),(4,'rg3X5V','2022-01-19 01:47:52','TeaknVmjOI','36tJ7rHJfvz3t2IB0vYIxHG9Pw91qra67KtQE9Tvctl1vV2YE6yFtcbJbNbXpxvgSVLEICnlN6Nb8xmnFT8QUjuChHP2RfXEiYsN','NTBXNSs64nExLIvrxl8TYygqdK5y54baEG2w85sHIBw5PVZWABjbdtlXoRh9DcY02nCJsv5a2PwsCY65cVdViyGiIkYmyT2Ok2lW',23,50,'yC6yKQhWqXH2qdekv7Ko1yUD7kizjjPOpJooO05WDLNPtqqb6oTg4d46JXBSleL5FkU92LikrytbQhGDYptJN1iqjgiY95xPRwVj',NULL,NULL),(5,'cOd6Ea','2022-01-19 01:47:54','dg59PCq1cE','Vg0vLUFYJ6dciYAlYFoQJVbW6kont9kW5ctzZgDeZDRPDEJ4HImeGl2d7WgNhTBjpGCWp9RdspJNir0JPNCW4U5LfekwzELXRB03','uWNt4R4Y84San9CVAnNIuLcgQvPfFOQZLT73jK6TlyFE94uV8NPW4isCfDal7eNuHlvrPbZ6Tz7NcrujnEaKgkKY0cN4eltpyVmH',67,32,'OMevv7Bh7Q3qx8NdIInK7lXFt85bqEDgfmCRnRIqq04gKYQF7cE32qt4hzMvKHwutjqTXmOP66ckaO7xdj3mCgTh9KNu83TAyKPe',NULL,NULL),(6,'78x6Vt','2022-01-19 01:47:56','sRVIX0wz6M','gknffmXiqN11ptQepzG7EHhIeuiiJnArGVCQV3IJqXHyjpyFz5LbGsZXLyxDp0sOWjIrjCGtSbJYqULBeeYxkb9KXLGbfTwRJVFS','ESbVxWeqAboumX3WhwoUlJTggoKPZpOMkZzJUw70G54Vr2kMtGDmfXWUbNxi3Zeh2wKJgmvmKuEwRfxyxdS0e4vNJDJ4doN3ZoXp',91,62,'3Cs4RAES7v7fdQJnAyafKKQUO9otag9ehyUsUhsisffiiGlGwFk8p3O85kGgqSRhk40z0nBlZ5XoNkTBe7w6GrV6qeT8koxAbsPC',NULL,NULL),(7,'BSySN3','2022-01-19 01:47:59','P7VeqHxYn2','5owL8wWKFPox6nDU1uauw8jZ6Gok8fiLzlQm80MLMKbCpTPyEzg9QMeKRAxMAME7MDHprZixSxkMY97UrNd0QF50ATrez1zojudU','y8rEKfUyomVGh00T1dHxVGFqP7wJOB68hghmVe5KetKxgGpzKBRRkWpadpFYe8WLhledaBbeUc1wYx3tOmnrINSDBDvESmSy7LHm',62,13,'lJJJASYNgSVLwJQMWRAiDZB5fCK4a7YydK7NlGJ8kBljIqShBM9FZAc4Z7mCiub5mNxFij11dhN4OTh6g0ZPcc0BWjJqPxiE33Lf',NULL,NULL),(8,'au09XA','2022-01-19 01:48:01','c35JlRXUS4','2P05YDr4nuGumSqyfDy6cnUaVPnfdkQOo6o6ZjcrddqHTYnkZcG8Trcb9KG7uKm8ZwyxJzj3UKhbbyUvLIYI7GSIhMiNTvupP8HG','ufKQl1zJAiEf46tRkMrMnDYYGsi3pSxM8rw3VgQ58W7LxSXbVbFvpkEBMRx0Sz9EhrRr80BZvabOaFLUjbZCwhhrSD0UXshujLnZ',32,51,'7Jha17h1Z9d94ufOJ0N00maqJXAmUgjcu7q6Yjsumg0zc5DpSp84w9R9F3wBkpIiQBlwMMaQCMAGEYWAtK1br5kJHrslkx2T3Xzf',NULL,NULL),(9,'wuw0ig','2022-01-19 01:48:03','mF8KT6kSHe','VbVncdf5mbE08y4bvOYya1zKqCHAG1yRn01oK4bZsvMMPTUTnSbOqaxAHUxTWtyrFX8UCtbgl31RwTccaG0e6HjCoggnZC5cN0EZ','inh5mAwXEuqQSHCHfjopj5qiy2dT6ynChOfbKGnZzsSuiibDFs1rW4JB2iHbkzwByKur0FUkXJXCwqDPxr0Q81ohqonZfSs1bmy8',16,20,'AhveywSUOuuqmahu7kyDh0l9SoeFhvJXUiLiGUOhQY1XoHWSF6yN6ZwYAhqiW6vLcMvU835LG6xY9qbOeZJj185PHno8DuLF1edK',NULL,NULL),(10,'p7XduH','2022-01-19 01:48:05','HOhli4e02B','B3neeEmSrTv63OyAJ1ElURv0Ne5jJ8eRbZPOJnTVtAs0tSti1NmUUN8ScQSN63C6jRvoV3aHwZtr99smEx6hgDDD612JZqEiknlR','2Q2EAHAk7ogzaci0ZlPlI1mUIww97z4emLksjl38y5q8YsowqjEWehtqkQ1lBqQpjSXWbL4RHTscK8VCuXn1HnsFELUh5e4NO6rL',2,70,'DPxzNcyxxhHZVY65wiBNSbcrSnH92zhp54gMNxgXzv4HcWKDYvMmA76BzcVmjyCMtRUmZN28RPTM0gaNqCHUIFJZuQuC9nAKVHt3',NULL,NULL),(11,'LuNQdC','2022-01-19 01:48:07','9Lyx1lbLPc','sjA2vke4Jnu7TaGsBeu5TEQsPEclMJc25qduwCqlhSiyTfVQuwGKCBbU41vjPFctyZU9Zce74ZJvpvjYhYxzqXeXYNMwoKI2bFH4','Veca9O3G1e7cAWISJ7xZOXFSPPiAWtIJ5PqAokYAujqJoK4OlgYJiLN2UWQTvAYBU8kLoMp4icaT7vLkDQSO2zFEf988TdtOExJU',30,59,'GFotMWnUMQj5axDX72hu7ANm514DiCO8kVqMQ0cd51JaF6AzLoZvTJ94YPzfbMeUkmR8eCPNKyuUeCtlFHNJRAWiPLka4H5a0unR',NULL,NULL),(12,'50QSrL','2022-01-19 01:49:20','1wP6D2bzP9','3JhI5XH6hZ3B0h1jr70TfKHLDfURVX7b375181hgni0YwZuZeMKxyYSqac9OaYs2IGUWmUe0fSpaH8XKiTbEimmmifRLPAp6F5Rl','gbcmiNzW5ab30m1go3y7G0k4wc1ssJNeWM7vcK1C0w1ogXVS7NaXdxJd39Qhaie3smbAwBnixaQu7QdOkNLWWjfk7cl2tjJkKXYE',42,54,'qhBMSqnS9aDsmynV5uSrLiSWVvaMczQOHJvBsEkd3WHcvIiaKxjePeiWsRtdR55LcEXISJkRYeHVtpmEwH8X7DRsMF5ohnF7OWuN',NULL,NULL),(13,'14H9y8','2022-01-19 01:49:20','mil3j6sIqW','S3DqmrkginTDSwAa9zSnctLZYhJeX6MpunUcWj03DUqwKtGvOoqiTxEZ1UW3tkh55w84tg7j4d1kgwwoVW18UrlDBmZoRRwodISi','BIJVCaRIdUsZnBfwbyH5ehoENAY6ky3iROUC662CAypCbK7yE3CQpKKX2kpl6z2VC1xmEXMRiLafFePq1xUVSouKqEFYfQ3KGY63',59,64,'RivQn52kuhe1yyLYdYrBT6WoDtB4CQc9amPXbeoZgCPCOYcnd3qR9uY2ChCRpB0unYqEqdIfiTw1Zzf9iuzEfrk5FZ9y5GFQCjEE',NULL,NULL),(14,'cukytS','2022-01-19 01:49:20','6OpQkNUx1K','MDttEGJJOT1yoyL4Av1A270QGwPHBIavtVRBmtQxCXNEm6fxvO5iMiKjKyYp0Qz1Egq2K9QAG03jnAMhc3nMKb2DytXmPJMdhD08','op3WyUYcrpPOfD3fzlxhZIq5ohNdRg6Q31JHfaGzNmok20rB3SvppYRPRMq4CLlfTev74nHLezUc3QIGJz7rpPDFpbDbXtC7FCea',43,39,'Hkh8wmUd1scjqIOpTr9xwYXHXZZ2be8g3TNTZNTjB7Ua3nHHG24VVt1920IPLLuWd60tG9rw4rQW7Mv7JHVdHp0WYKWTjP2qv3z2',NULL,NULL),(15,'iKseGs','2022-01-19 01:49:20','KP5mPhMLhS','R8VSEtmDwKJx0SICX9iBLTm9dgm4JfsvE5fIfSxAA0ajK2S3eGbeijPrF8IUCLYjyeakxvK5glHiXnmsL5anVVRpGO7iAKldF8GQ','Z9934pLwJ0i9IhHzNhXh55sHjlCJbG5KFMVsndXDnuRYrkVVbocJnMsEVVOxYp4TGM2eCuMNxLKIR2ERtWPgkjHtRICDIvvxnA7z',54,40,'AQUIcb7se8d7KYt6CcRLC0MILuhD1sStfNbPBjhuyCefJNEsOrAMgNu04Dr18ptA7LIlA5642Hh6IM4uvKmS7NLkFo55yMaEcMYV',NULL,NULL),(16,'aOosj0','2022-01-19 01:49:20','SCz0W6Pilw','IxjtM4FqIzhlPs3qa2YwG9KKw9akWFw7cxtbcQtw89HT3eg4tmNTRy34GFQYMnbO3LOvewy4eKjKpYopFasY5JwF3lFONMNkODcp','5tmbDaHoPpf8wVVaYacAQB920rimiawWdP8fXTGQRmQ0zxjrnewNV1XgyjJjmSv12jkiA5J3YxI7eaxZYiLFAfnZoHjUisWVD6TR',79,44,'RhMz0WOYNZ6YvyHjM7lyNj0qBdR9chhdtNDFPS33XiRNEXrLOpAV8sWsuj15ipw5XgBjXsJP9AyuidfGYPfNX3zEhLv6pDhM7zHi',NULL,NULL),(17,'XyHjXV','2022-01-19 01:49:20','ikpeYaAwea','5DYmB1SeQnVYEMaeqI9PaP2OQ9DWaZeAlgPbfii4oqCQvhxljCO6r3iPt7Vvybi2KrOM36KFrOzGNuHahhtBC8x5PmZxsEiXy76o','BSiNgEp49v6GK0hl6SriRvcMMJrIttdWe1h5LfdPy2SXFIa2ruYG2SiFIkxOOEGCrhEEB5bXDzWDBPkKIrMgUFSwLa4NX6bkEopo',39,35,'dzjXFwAMgplSLTOB4lqkkwI2TOn9bkbR2Pd5nEq62QcRiOMXfiz39OoPmWOEhDhXiYanKqVtW4R0Mtie1lW0Lm8jLaHiUZ5KlgBL',NULL,NULL),(18,'RWhZRm','2022-01-19 01:49:20','PoTyuius1s','nAwxfXBvPr7yApXNxVZcxS7DEK5GVqW9TIU6r1C2UovCRsJNua1ZK68e9czYQv1aPj78eEwxwHbqEubA5SstY32zLOS3YKSOp6L9','rFUXvT8Lzb0XdfIDubCBTtEKSMq3irom0MyQvArjAj6VXZ14LQCVelUVjnfIRgnCdfrytIJV6pgQyt6FFZxEg1cUD6h0sJdVcBaJ',4,64,'wlbB4iPMPiVhEDoc9CB6e27PUOujTmoIIFOiLSsjbvPDlMYIIXeFxw52Wtn4LB7j3Ud9vOYyUT3mtJgWaBas593LfhJFH57ZVsgl',NULL,NULL),(19,'h6ldNl','2022-01-19 01:49:20','wLqFvCzTWZ','NpdQ16ptPeYBTKjcCx6UVUcYzAEq5ilmUmdRQKlyrbf8jQJNTdYtL8DMib8oA6RAZ0nvkOdlvGrSKWwEjLRi3mWJKSwat3eeZW3l','6n0O885H2gN7j8HU4i1z8MpZU3lhCLXy1CJBXrJr9gBsfPnqgd41y17oElwSW9qtaqGs0E5ksbOClDVtKfxMDU82hyjBjLem1v89',16,100,'SorMhZadGy0mbhIxAeepcDW25e3rMQj9mftxpUwh41tKsBx7AKcOINwrqiheJ6ox4bV8Pxc5cxrBoX8NebBt5qi4QQOYmIXgub90',NULL,NULL),(20,'tCn5Yx','2022-01-19 01:49:20','36eUkuKK3m','MQ660ho1eg9ZrT0VOWBYU0EIEGscwAaFoixARnSy9pdvdjZR6rdnrtE1zpv6oVotancU99hWCckLJqMPiZdgzyY6EQPpdC6eEdE0','PERNfF06jCgqI0kURj5qTp9Ff3x2W4PfejWFB2qvGrmUmOjaq75CpgvhiCmkdffNHC3RbEeT4LtNszEJ2xsltLZpqZW6NWgQMNqj',5,12,'d8XW1On8cKDZ9Sk3MgJKsDFBEL4B4Pk6zgl2V3Zp4rECwgb4FzBAWY6RwFT55RkTe9kzYZGw25rN5lrB4HCBWIKcw2OVXzcaYakv',NULL,NULL),(21,'aqZOnG','2022-01-19 01:49:20','nygPH265gC','bMjxbwgoYWqWW6BomkGKdZMrBzzrtvlcMeYNGey7dKZHnjngTborHlL0A3EoMfyAAadE8hSi9r4439E7yLzhte0A19J1r52U1Ih4','FDxSzeSgQeV067pGrijmgS1gHOaxHnqZdko8PDQBWA7mVTHTIw0raJIl6wh264KQuslGqhTYMLUg7nbL0ywAibdZQgblCueAB0a7',57,49,'w4dVzziPe1eW8NY2tycI8hUk2Oqhm91tSMp7wmF8O2wa0ZHAvWUm7HoHJWWnLwhciqlNC3bX0fdB1HgrQwraPjFpaRnJaXeoiWlq',NULL,NULL);
/*!40000 ALTER TABLE `equipments` ENABLE KEYS */;
UNLOCK TABLES;

--
-- Table structure for table `liquidation`
--

DROP TABLE IF EXISTS `liquidation`;
/*!40101 SET @saved_cs_client     = @@character_set_client */;
/*!50503 SET character_set_client = utf8mb4 */;
CREATE TABLE `liquidation` (
  `id` bigint unsigned NOT NULL AUTO_INCREMENT,
  `equipment_id` int NOT NULL,
  `employee_id` int NOT NULL,
  `details` varchar(255) COLLATE utf8mb4_unicode_ci NOT NULL,
  `notes` varchar(255) COLLATE utf8mb4_unicode_ci NOT NULL,
  `place` varchar(255) COLLATE utf8mb4_unicode_ci NOT NULL,
  `price` double NOT NULL,
  `created_at` timestamp NULL DEFAULT NULL,
  `updated_at` timestamp NULL DEFAULT NULL,
  PRIMARY KEY (`id`)
) ENGINE=InnoDB AUTO_INCREMENT=20 DEFAULT CHARSET=utf8mb4 COLLATE=utf8mb4_unicode_ci;
/*!40101 SET character_set_client = @saved_cs_client */;

--
-- Dumping data for table `liquidation`
--

LOCK TABLES `liquidation` WRITE;
/*!40000 ALTER TABLE `liquidation` DISABLE KEYS */;
INSERT INTO `liquidation` VALUES (1,3,2,'HCOvv1x3EATEOPU2Cjkn8YXbSiYC9JXbMQWPSn7BxtI4kV1cmPeqXoOwP366pfugeh5k0PJhkrfiNDATx5RuGPTv7OXQn1Gleu6K','rgfY1nKTNm5TU2wzGPAuV6LR06PlnXJeSWQ3euMm4abNnwBVwoGJd7HUL2UNSLKzj6FkV4jp6F7VQSItruP4kKAst6mGfjqS7uXr','KcRLloqjKl0MRt3rR7Hw1kRFTt94X2eKTvt8imkH9bunXZIEh9vtovD7xBkLD8vdbNcCgCMtRCNJRoThCAGlDKss5hqcpItGaYeJ',38,NULL,NULL),(2,7,3,'luDpRxoBJzcTePQodN1eTfd4xqr9cSCMQU74oMzYQncOQ087kimr6rHHOJUt7PxLPsD5UicHgEhKnk9ojzaW9egBE8PzmqncHhWA','PEKsoFRlniAAJ8i1SaovEMpGiE0gXvYWzmHUWq4xdZ1VwUhH0PCY9iovvjQfXtKsxGFRtpn4Ywst0cIpk4v3GO07U5lcABIXhsmv','f3B8gSdiZWQ8DTLkTbQX3NPyJjufvvr1Kr2dfQZdVzZoMp3SkBbrNIwetBTXEgikTEEcNrODgvK2LgnuMzViaPweQPMQ7bJUf2JR',79,NULL,NULL),(3,10,4,'S3lcvru3o0zbHn6zcWAJ2Wmrvh6n0vCz9RsFk02qW6h6NFQ3nExjGloOI368BfnetlDpAitL9bDgP0iudaXiRq0LGUPrSxrlQsrz','6QdnbqG1LG4bEswvZg72hPy2FRfXeTNP7RDmCNPxcFZMkYos1d0UE3LzgGABAQqCv9nQThR5q2do7dxeTdkm2m9j3uvwCqJyt9lo','XX1gjvPBz6OLFEuD9BP2RfTbe040VYLBJvItxLqJXIkW1Lzskk0KFn4q2zrYGSp5AlgwUffpaIJoqPKhhIUoddpyknmzyfPgswit',25,NULL,NULL),(4,7,10,'vWE732DLT6i5V5DD3zHfOInq6bTUTUDzZuaQFsEYIPxmQ3jnJEX5EPiVfLO8jRbE6lgSVDtGomCDMGPLEjnqFmpaxRnqZ8fIgAXG','9eYvl4PNOAJVCXhj7VNUsuHSeS9gwG9pPh1qxjif0ckt5G9VQ2WH9qnsR3GFkDPGhcXkLkh0scJb5TEvmri6YjhzD6VjxhbcB45n','6xfzu8LN8zw1qv4RXEMgsViXVK8gVd5e7ugPO5VJffnGiN1wzCo1TqPLhM87nGVc5uXRiSkf9o5OXQ8hQyeDk8oZLZAGTxBxgPPB',77,NULL,NULL),(5,7,8,'XKebEqxAkd6fSHa2pVFWh5MRlfXVCvEq8uBEw4hkBBeAIcjhXxrkn1OFnH2w5IqtoZZg6J4OgyYFT9nxOecU7Rx23E9i9hrnhaXS','PIiZuLjSAqXaKIozMaOa0Hg6TxKX8zCF6qyx9iX3brKv1lVf9532Th6X9dnx9RaFhGBkOFEoHKdxoQN7mdhbzUN0Ee0qAyqMMpbE','sJty1UxT2W0IgV9ErhKeMtRAfqLMcduwsJWD63qG9oXYofzUi7EkovME4A9iE2Vd65biPal9wct0yh08KwdVlUxpYdc86ZOovy2v',50,NULL,NULL),(6,2,10,'Z1IJAN1Wu3y9SSeOfRsnrt6ZgANoz5Sx5btCE4mneHJnBhMOP8DGcrbDjlDh6JtiBzrmdDv0gTyFnzZaSha2YZpzb1B1r1bltyRa','cG7oaWcGEfHV3S8vB83gCdLTKR2sBx1LiBMNxC5POWrj9dPrTUhe4hLCUMvSYVQPxbEgDwqGzKOFjZGrxzCngWZzQz7myuPSDX92','6N87Kf2o1GMQD3eTcLYOG663Jny7adQmNWKXDnVPo2xJ9zqsO0kYLkRhF2pHCG6FFf6Nw0zbb22CY3oSXFpmyUrhkPpTNzWW5wBF',35,NULL,NULL),(7,1,2,'QkPb5DkSf0h084lTElJ28aA1TQdnnyt1RmKTdUM91VuAPzqBcBKoDRDZSxyl3TpQ9SuCjWn2V9AZEwT00hXyaixIQqz2jOqkva7u','YfXENOvO1Av57igbbb8NzzPpy7DUrP3Ejd3X4wIQe8nFr4u3N4R1q3TUcX42J1DgKhkpPjz1txUQ2bAS3cIGXslBpcWIP5Zs2lFI','V7DeMhxFcLvCAQpTm58hi6iGMyVO1t9EAO1fRE8QPkIeyeoxSPiWUXPMNZwvDdXyCXPcgSgZ35gt2VBdhJmBFNACYcWDmLbx09Ew',9,NULL,NULL),(8,4,7,'7cAMroe4G9KVJOTPGsANPbi65qVArVkE6fHWjExkwmeWtDjk0JBGMTJ1bTEtTxMtUhMfSU5te9aZJk830uW440FK06ys5k9Vi2Bp','dclyJAh5Nx67phENsTtsGlzTOcBcXY8TeT2K1IkMCX24rLiqokaLVGtGRAtqimwHeQkB3A86nw2wxfwrkYt42Jbxp0ZvXfPD8Nm8','0grSFsSg6DCMCn9vpnsXVCnwHqFvyvAzITBqoWM5u27Pt0yVvdqJLFbOy25tydFhckgwhZBPxeuxm3pF5CQIx4YdIBGdfvUbMFqS',27,NULL,NULL),(9,5,7,'5fm4EpsaOjQVFqMVuqTSfRO6kz9KyWdLo2HKt99KXJ1dA281gFfJqzOUNZNgu5uZqa7m4YfNRc7BKckEtCTsTIXGA2jMZPNSP6DO','BLr43McOSdrHZWHUvDGjdonhKG47pWJV7zKD0WbfwzkBYShS3q12uh44mBUNKRoU8NrEKRUNR6Iibvbe3alcHr7brMcusK5IDiMX','aH4klTiKL9BVWwku6OASxAyX6kbn3u1MTYhIa1umpbHZnbHGIqt3TK9M9tFyathp8XMiDkqJmeFuxKESrS8X89OSwFzCXMEpwQSW',15,NULL,NULL),(10,4,6,'5tH7NED2lEQyAEvnVoYwgH98sHqFz1vwIO7CxgeFnRA4kgjWVeChDGxfMXxwvY4CEhtSATEgKI6EWlWk5vu6iZWOqCW0jexIWCU1','SgdKFUGAJoiafPKxxh4nckhLqcfoI1k3q1D2NnnbBv078M8xS7qk4nGCEYbmN2W2sLy5OW8wBb4icwVWyH8OMlkoAfPCs6DUOp8W','rLvzwpa9P4DfHB5H5yL2OERSj8urEFQF6Dlqi4k5w071LPmWHdvBl2stInR7OkPjWNacz5mmm37WXAbS028cDjlLpQFX2lh7vb7R',29,NULL,NULL),(11,4,6,'vk7IBavWjKCx5XYmfPVHh6o6aIiPDHXh2t3cRmszgmeKttQMsZB3btwufJMLfyeoHBvE1A7JEHtN5cPyYi43SfkmYSEiEYRo1svJ','oBngHNNnOTaJCe9Gv71ig0ahQXuTbRNCt0Cps2oPjwJtSZvtBh89T6FSwFCZLcpZNAgTyzc2kroljMux1BqtXPhId3BMCWk5MsJ7','DM13MRT95EZhZrEA8fyA4PP3nd7q6ohvMio21YxViBS5EIeXMwVV3WfzmJln7vf8qZF09MTQ0DCTOCK5XB541y3w4foTXG99wpYX',11,NULL,NULL),(12,9,2,'W9bAWwvWFXeNXOMBMRZtLr0kSyXNrSHL7yuoQ90MQMaepvKClhoLa9oG6ZmpJVdUDipWBVYHEE0RIna3yq56R1kK9B8MoIv6GHmE','MpH39h6FBZo9Fsssw6ZJqHHM5eLKxFHguvGjVzeoAo4luSZ64FmxPZY8fA7vLaO50u6ZSBfPoZViV7PIanHs85MgVXXKAKlbl7vX','TmVaIS7oIlraKjywywCVsZKm0mqDtg3TNNkFoulL2tAiN2qluGKV26i6uXgLDAUcVGkmWkYHWJ5YkpBWMAwx6PfWpu5edSte5njx',41,NULL,NULL),(13,7,5,'JOkJe9atsG7qAmOBZPjVVXFhsNc9nYqy3oecGRygJLhd4UTFGUfjnlcIvXxVWvKPQ3AcSM0s09fXeGBjFNyJFWzhfMpOKvJeNBWz','Dhb2PdnbDObLoJouuR5YOEQ9XpN4YxbSZVrLCE7ZemeFaYsLx9zjU4Gbnx5FaIWqbFciJGUbIl3d1958WitTzacHUQV4YL2VVCM7','3LQ8z2cwO4AXP96cmRQLJZCnD2N4tanUbOAbH9xnCSjNbs5gHfLShn8UeMnc7vKpnOUZ3nLUChdTBuXkv1SUZT9FXAteFkD91XO7',21,NULL,NULL),(14,6,1,'bFHRcrR7KAxHqw1rJS9oeZ5LEQVBvzTQkAvqQAHccM9N3PD9UoChstTCwaa3x0M3e8wOrNNSLMRXNLNWWMeJBZrtlvrZSu4iMuuW','uZdQvtJDBvkNKxklLaeGPBFoopPk629MKGB0PE8RC6dzQHows44aJiH4e4vcpf6WlCCwDJZh7nU6vEasL0tqfhyEgSIlRJYaoRY2','WFuK6PmspGB47HV3YWrUrd5u8r2znBkVKJTERpaYxXd5esxAKJrZvmODtt80F5MlDsqNq5NZX9H5lU7fo22CJWnP9L3aMRgRy3Oy',60,NULL,NULL),(15,4,4,'rY2HRN3LudmQ8OC2lKmtM46s8rKKilZfufL7okDMIdO41VwMWeo53g2Y3ZBsGa653xTFfGQ3vMMl2RfwZaeFZdB2qDSmfAK71MV2','bP6hQZiYmZWkQpPxRHYcJWxfNepVdgLPA52daEnLGj5MI38W6D374SdzEXjcRbhvHwqXwZkdEqlHSS2PMNu6bDNYGnNPxCi116d6','vnicTUx2HLTUCpmwQNwinv6vYOSkeT7tbHiAAIMmMxX1bxrIStBzacQp6kaGAqwnJBaeCW5ll43JZHUQqJKWrH6anksFzhPI7GAO',4,NULL,NULL),(16,1,10,'YzVVSMSm7UJwOTAXHMNFT6APm6GjVjUZuFO8UCbvOutGfZtmCiEPSD3GyPMOKvcSUIE6u8qcdIRwNGE2CrrQNgwTuyLqvsFDqZcb','1SuKe3he9CuoBD0w6AXfDEHfVrmfukbZbDScuz5cCMCofU8orLvzrU7f22m2PYbZd90kVrpTBds1z3ipfDP2w2Qpxd4NGfSGTY7o','8bdALD0bCPfZk7oULgQEmVvJzdG376TXm7MymjzxqGBwHGa0aUPWxSFVs0dwU6SEtUzE31OW7K55TMonuyluNUmkS8lBC1fLIq8D',12,NULL,NULL),(17,10,4,'2b17nr6ARKa7wkvqpXwo6lTHxtAu7JHILURKk2rucLt3649NX6lSFloBxEaIKUZ38LCIWrKsgSADS3c3g3YTOJ9AtxsOBqZ9jEDc','Mmbt0J6DmJfQW0K10AhphUEPGFoXkM2Uw2rEIVb9fcfpYPcI49nEW9HneuRTc3oZGF3Ch3aAKKEuqrniUcGCxQzOYi5KHuc4spAw','W2FdLmvtxHdsLtWMMpEbi7PXlwSssd5gaUag3znC5WaHqQjyAsraoi7jMdecIXcF9rZH6s8Pg4eui0OSrYu4SwJYTjXy3SWZsbD0',71,NULL,NULL),(18,10,4,'zG2y0qH9kuQkz4BZRp62n0NdMHQUGblcl1ukGW53Ojsac4tsxfcPywOE0MwZxzVS3p8Sjs9GIvGhjGsHMovOtuOz3uMeDM0XrH7Y','UpIfK3zx43wQhsd8kpM7g0Da3jNmDixldsklYoHtmqqsxro9ACndMQNGdHEFp3VgwGFKe0QVQ2Jv79hAqwaInb3sT7kGkofwF5Eg','inQWlItModjdIPfSePcIwDXJx4SCYWtpRkIOXrLk6drp7wqj3qYu4V2Igu8Wbek26ARuxo7Sma2g2bkFYOQfdKX6xm2RlKsQOHje',93,NULL,NULL),(19,3,1,'TWnyERTNo62rJ2fVwWp7jacMxo8VcmNcPGvzc27hhEJcnKKSMwSDsWolveO2I8KRqvVxjTHOCZXxhUKC8oZp9BYAV3QESNAsRsET','dKxJH1IxaneIj79UQMnfA8OwkWz5sGvKUkeXbH5dtr1j3JHUz7RN9gMNNwTzcBfck8BovHPUv81THgwQ35eclelQWkIkSrufP6mi','2DSOr7XuH30AukV3pJBJU6YckJVKnPbxgwxZSX0cm4RVWVIwqpeO8JKpftNpExtH0MIuSYJJJZ99frjjA08h73M8p8iasE0r33xq',12,NULL,NULL);
/*!40000 ALTER TABLE `liquidation` ENABLE KEYS */;
UNLOCK TABLES;

--
-- Table structure for table `migrations`
--

DROP TABLE IF EXISTS `migrations`;
/*!40101 SET @saved_cs_client     = @@character_set_client */;
/*!50503 SET character_set_client = utf8mb4 */;
CREATE TABLE `migrations` (
  `id` int unsigned NOT NULL AUTO_INCREMENT,
  `migration` varchar(255) COLLATE utf8mb4_unicode_ci NOT NULL,
  `batch` int NOT NULL,
  PRIMARY KEY (`id`)
) ENGINE=InnoDB AUTO_INCREMENT=12 DEFAULT CHARSET=utf8mb4 COLLATE=utf8mb4_unicode_ci;
/*!40101 SET character_set_client = @saved_cs_client */;

--
-- Dumping data for table `migrations`
--

LOCK TABLES `migrations` WRITE;
/*!40000 ALTER TABLE `migrations` DISABLE KEYS */;
INSERT INTO `migrations` VALUES (1,'2019_12_14_000001_create_personal_access_tokens_table',1),(2,'2022_01_18_145432_create_admin_table',1),(3,'2022_01_18_145529_create_equipments_table',1),(4,'2022_01_18_145543_create_categories_table',1),(5,'2022_01_18_145555_create_employees_table',1),(6,'2022_01_18_145607_create_departments_table',1),(7,'2022_01_18_145620_create_repairs_table',1),(8,'2022_01_18_145644_create_liquidation_table',1),(9,'2022_01_18_145701_create_equipment_status_table',1),(10,'2022_01_18_145712_create_request_table',1),(11,'2022_01_18_145725_create_equipment_status_log_table',1);
/*!40000 ALTER TABLE `migrations` ENABLE KEYS */;
UNLOCK TABLES;

--
-- Table structure for table `personal_access_tokens`
--

DROP TABLE IF EXISTS `personal_access_tokens`;
/*!40101 SET @saved_cs_client     = @@character_set_client */;
/*!50503 SET character_set_client = utf8mb4 */;
CREATE TABLE `personal_access_tokens` (
  `id` bigint unsigned NOT NULL AUTO_INCREMENT,
  `tokenable_type` varchar(255) COLLATE utf8mb4_unicode_ci NOT NULL,
  `tokenable_id` bigint unsigned NOT NULL,
  `name` varchar(255) COLLATE utf8mb4_unicode_ci NOT NULL,
  `token` varchar(64) COLLATE utf8mb4_unicode_ci NOT NULL,
  `abilities` text COLLATE utf8mb4_unicode_ci,
  `last_used_at` timestamp NULL DEFAULT NULL,
  `created_at` timestamp NULL DEFAULT NULL,
  `updated_at` timestamp NULL DEFAULT NULL,
  PRIMARY KEY (`id`),
  UNIQUE KEY `personal_access_tokens_token_unique` (`token`),
  KEY `personal_access_tokens_tokenable_type_tokenable_id_index` (`tokenable_type`,`tokenable_id`)
) ENGINE=InnoDB DEFAULT CHARSET=utf8mb4 COLLATE=utf8mb4_unicode_ci;
/*!40101 SET character_set_client = @saved_cs_client */;

--
-- Dumping data for table `personal_access_tokens`
--

LOCK TABLES `personal_access_tokens` WRITE;
/*!40000 ALTER TABLE `personal_access_tokens` DISABLE KEYS */;
/*!40000 ALTER TABLE `personal_access_tokens` ENABLE KEYS */;
UNLOCK TABLES;

--
-- Table structure for table `repairs`
--

DROP TABLE IF EXISTS `repairs`;
/*!40101 SET @saved_cs_client     = @@character_set_client */;
/*!50503 SET character_set_client = utf8mb4 */;
CREATE TABLE `repairs` (
  `id` bigint unsigned NOT NULL AUTO_INCREMENT,
  `equipment_id` int NOT NULL,
  `employee_id` int NOT NULL,
  `details` varchar(255) COLLATE utf8mb4_unicode_ci NOT NULL,
  `notes` varchar(255) COLLATE utf8mb4_unicode_ci NOT NULL,
  `place` varchar(255) COLLATE utf8mb4_unicode_ci NOT NULL,
  `price` double NOT NULL,
  `start_date` varchar(255) COLLATE utf8mb4_unicode_ci NOT NULL,
  `end_date` varchar(255) COLLATE utf8mb4_unicode_ci NOT NULL,
  `status` int NOT NULL,
  `created_at` timestamp NULL DEFAULT NULL,
  `updated_at` timestamp NULL DEFAULT NULL,
  PRIMARY KEY (`id`)
) ENGINE=InnoDB AUTO_INCREMENT=20 DEFAULT CHARSET=utf8mb4 COLLATE=utf8mb4_unicode_ci;
/*!40101 SET character_set_client = @saved_cs_client */;

--
-- Dumping data for table `repairs`
--

LOCK TABLES `repairs` WRITE;
/*!40000 ALTER TABLE `repairs` DISABLE KEYS */;
INSERT INTO `repairs` VALUES (1,3,1,'BkNOfwmrkso2lGqMkuBJL4vJBgdkotAIEG0YxDNjnoJGoJkR4WvxlCFFmjsUKqcnMHOgQ5L7zxlyAIkcuRiTDRbmeUNzplv89YF5','GybE4lpeNi4mlAYKIyHfJODYmfLKKKuq4BRSBmnOHR5Tr3iA3tP6Tfx33H5o2mA6VbdcdYpgJHwGy4IA9GWPK4uoTMb2l8ppXfb1','Vsryy6cV13cTmXb7yu3XKAl6fCmMnPiq8EnGhzgdZKyzG87HJLugq80OvoM5zNzjLCyFDXup0miyLWwbPLSHQOqU4OpJC4e1MD1L',14,'2022-01-19 01:46:31','2022-01-19 01:46:31',5,NULL,NULL),(2,4,10,'vHRVqgV6qMfiRbdly6xP9pBs1VWIWw5FRMzIDEvQ0VIkHsSHMeiDK6QmspXlbxXfNuzn6GsQFQwbRQWzZuT0cIKozsTn4uaUJdYn','DWO5otuGEuZU2pzS99U6un3vtzPbJIoExJFC6545mUUNpQAtVFVhUeKJ9fLWu2ZFpoJrKRGEtS8Oej4EurHwnbQkkeUuPM5laWSE','yqlGTrx6ZZw0H6rk65A0xdPPGmDf7adZijdmhwvyiVVaapQGI1oHJYK0zu5C8N5l4cQwwuaEAgX8rB6NcffBUaqTBN03q3o7C61c',63,'2022-01-19 01:47:52','2022-01-19 01:47:52',2,NULL,NULL),(3,8,9,'LsqaCaQTYaJGZCHqRVFhgFL2fWCQmU92kjSab5XvLo2SXLhiouCRr1RRt6j4HYmcyoJUtzu0my2Mm8OVdrtPDLWY3FpczdJymG7j','0ZsiijafMe0Zvn9Met5jo33hJbLonK1o5uBoGhTFXRc8PJwDurgUxWsbwPm7z5CiuPyHTEZxa4BeyBCAXYImrGvhOP2N25Y53lR0','YWE5YNPPRnlK1l4C7a846tUFdxYSohfEZXdlZBOCYXlLZNcSWgItnOHYZhxeWjGKg8C4gGUBO2gQo3lPct07IM6PhztCVKnxoUIk',28,'2022-01-19 01:47:54','2022-01-19 01:47:54',4,NULL,NULL),(4,6,7,'2zCMYzhuv4Iyjr1mrHLRu6hm86v6Ix6R0kbbIMY732O4MMMbHhCBYyZwc9Lf5f3WmG3BGZlEzJCX9upKO47MytPS4h5J37YOeEbN','izUfy5ZAQ83bcWKvKAKVEWUo2TuqubM935NtFgDwAWjjPpsDzInrtZFdpej93BayOq58vQWKoHOCSxk5FLYoB0cBtsYugrFArxeX','deapwV7Dc2FHqQJBhko2WHo7ByHZrXtyWNcngSdQn5EhdrapmnAoMjT8WEl2Nd9TuVx9EVVzfQaV6cvNrS45gqHr95SW0LYc4ihO',100,'2022-01-19 01:47:56','2022-01-19 01:47:56',3,NULL,NULL),(5,5,8,'8QncinENKqffIXCb1PODjsbjooZAsT6IizgeBKjHWWKckW4QknhVAV1kAAiGTA5bxzSy2E16iJKhXn1CoZ61IxM6rOdqJk3YTpFF','uE0EtDrbV89fzgH93Q4S4S4fdEpIY2IfPTmw5kwUWVIjWdAOUCK33o30rIjT4vD5s8C7rwjGF9TRDtEvDERu6ZXwYKpAIhBcDUeM','EBPcQvglT1qRhrtLW37TwexBi7tsw1DdV6YlVNj2J7Bvf59iV1ME0y93ISrdI9l8wwN91OJAt0VI26OIRu9vLB1CXkq9zX9ft9xZ',18,'2022-01-19 01:47:59','2022-01-19 01:47:59',2,NULL,NULL),(6,4,9,'knzGOjU8li6qMmEnL0Zf0e6kPcifw2MbTRxw32G6Wp96JFuXhUdcBUt8RKpE61jhRzVylgITruB59bnjorNwhIgGaAnnupxYV32w','7yfQPV6RkNukanrwXXQ6rww5RuitueYdu1lXaWDiyvXbuMxY8wOLYtzSPBKlre6qBaCd4q8znBIB7K8dCgbhh4BRTWrVSdvYtL9X','QgoeouPK9QBsFnJCwwzGS5pKiVCEOp4L30SHVF1PNTQTOgwpbpdCwimrlvGOCyWFc2SRchPeIEgV5w872JAziOMptbSr62W5LYvr',21,'2022-01-19 01:48:01','2022-01-19 01:48:01',5,NULL,NULL),(7,10,2,'Xy9X7rxtmcUMRJ3LaJ4vEMCQgBCsA2IkQhxcezLgF7gQVKhzFuyr4W8fHdPpCLhTkbR8s6CG1h89rKobQuGy5gcxGDaMPFBQJGlo','wZTaanYRAc98zUYythy2GsYQy7013dFT5I6iXFLYn12xO4PMWSgAl8nPn0hKDenrAjdQRW1PV7jIKwopvvVfznLiuASoL2UUcfUO','gIO24OZoluFnWQLXqbGeO62Zxdt8pI0cCUjnwnuTe5J7cMphwi1KkJvhsp44mE6iyHTmOw6qJnIQaJMAmuKuGJm2lGd6cB2iaE3a',74,'2022-01-19 01:48:03','2022-01-19 01:48:03',3,NULL,NULL),(8,8,10,'iHcfLeERKrjuSlAysIYGSUjQCuJ0kaQYlNybIIRGsKkysM02IcCcwiEnhETVkDAfZ9MSB0vUvY4dtTbVeukGW7Gbm3Yx0vv7xjEB','clBAKbCdQ3tY7lh8K2GAWOvPV0rFyl6H4lvxf6WWdN6haP5d8R1oNmQeQYdkDoyMi38tJDFuJ0ZSUXmlz8SEmTBnKVT9gBdDQjdK','4D4BF1WKCVYUwrWSuFwhjDVmg7LO3OR9ghWrG5j0Zd4XktNRrBqJfdoGFiBmbJKXBN93ieuzceLo4zyOC1nzmw3buH3DN3z7TtKX',33,'2022-01-19 01:48:05','2022-01-19 01:48:05',4,NULL,NULL),(9,8,3,'7XZjP8oJidrPTqdboKplgOJ80pB2wgTWlUnAmSZJKPxriZxbwKfI217A5C05M1cKiaUMMhxs1mEKy3AJCtpIU1NTkQnhgPpYY9K7','8gjiFZYIKfmDAEHQA56TGvZuoMw2DyySi03gMdLgBqpfDOIAHXoH4cGzCdTwqId2XzicuPOG4LrGTyx6ZJDaanov0aP9rSLM6Yk4','NH0dYDHoAhVWBSsC4QcbL4ZXvmeQU4r4QP2A12V3NxSJmxJaxdosWQ4ktHsW1bmYLhq9l6OaXak5buVWu8FUaqJ7jSVBIWNQaFAh',46,'2022-01-19 01:48:07','2022-01-19 01:48:07',5,NULL,NULL),(10,10,6,'1IYBFYR8d8VCf9O0uWR5XTBn8JoXqiVyhFSaQyA47dEZKIar4LbgOzxYd3Ifh8jMyQwOK69ngX73BG6VV293Wx9ismSPRCQ5pQoR','430TpOvZI8F6sI87ZaQF6hTtjPrfh7GHqes4BzXo3kMR6KxD82Sv2tfLI6Pu8yCIW8hYiepYg5bdRcVH7FiFHbEwX4ufBlM6EKJG','WSotindutclzm3j1IDun7iMvZyy2vgmRVIaPqQEPihlBGLQKX4CsQfXJm8bYK5kTH1bGFieInI53QDY9jCBlCF24i8EieZHLmc4G',61,'2022-01-19 01:49:20','2022-01-19 01:49:20',5,NULL,NULL),(11,7,4,'YHXsouUhR2L13dbvWd2MlrKyYauOnPzhrYMpd4vJh6MG075ViataLwU8D2NyYpOIV03dwjFpDMZOO0hSLiuG14oAakCm3g1CUbJg','ybLbvqNO2AgyVkSnWZXakHx6Xfabe1092KF5LeMfhqc3McHzWzrTRuNvSbt51fdKIKuaIOyomlIW8P4zzfjD7oPY0LLxP8uUby8K','uemEuvtjgglY5HpHKbKwsyWaIYJob8EURDqZc2MCtJbtUTUNPTNeeRCv2iLFgrQmfGnuQcvTwThx1osHpPaO2xsr3zIv8mxxnvxQ',38,'2022-01-19 01:49:20','2022-01-19 01:49:20',3,NULL,NULL),(12,3,10,'P4NyWV4lNqjuOYKfBgX1nCTdOvLAoTOqhjnlArMnJR1ujxK0Yn6f63plCdIf3Wei8ymulUfHpqtAG1PtAmO5qvgb0n2uIRmNjnUY','i3g5pFWo411cR6vNhh7h3I04cyjtXdJMpHJrxq2FzoXHI2jK1cx1rgC2C7WMoHAOmFLmnED5jXjXI1ccDceMjkcPJw6GvTceSP7l','SVx0CDCdDKRsMDp1J8lsh9eEslzM18pqo9W4OxeCGxeIx01hKdFLNL4IyWPKbc6um0mv71g80lB6Sz4jpmhd5dErpp2E62IZt9sL',58,'2022-01-19 01:49:20','2022-01-19 01:49:20',4,NULL,NULL),(13,3,8,'JgeZG8Y0rbNdZagNDE4AuOLWXAMFdFYdIrjr0MBLEe0P2GziV6AhkT6xaiuGmUAE0KN5YfR2cvxaj6CxKO40ykEePSegAeD9eOxR','fah03UMxQLQp12fh3O0uXOfd1Jps00vKrumWrWRC7bB4XrE6YcKagOcWbaNsF04MOlKsRiBO7aplf8CPBJKeJoxMHfF1COQVUeGb','5XCySRo8yJcssWrUw2oFHOM2vSMy4ml6bMJLubnDtJTLF6c2z41IvCxBQ9TurSOw5V6ojxcd3KSFAa7tKPwIjRrnUjgdeMFpXQkA',18,'2022-01-19 01:49:20','2022-01-19 01:49:20',3,NULL,NULL),(14,4,10,'uQVw7Bej4a819h3Fxe0ldGtu7BKrWk1nlYb9JE60j4H1rQq83Z2Mk9rOyq9iCxj5bnAiIk587xXoSZhN0QxcdyMMZ4wP6TsU4NW4','NJolzJceDOHzm9Daj6tVD2SylhbhZkldTexMJG2RdXxsMXXMKAZKfWejXrXaUFynGLqj27e4Meq5k0S10X3CZnaSmmczSslZQZgI','2pmC39jepRsWJfLCGcv25U8br1djuIlsOyK7fqVHU3St3ENXPfuVCpV4rFlJKzWfGhhCo50GXiGGA7T55GS9RwP5k6xDzlgFRhYZ',50,'2022-01-19 01:49:20','2022-01-19 01:49:20',2,NULL,NULL),(15,7,2,'T6zt0awGvI9pKmW5EuMQMXCmMBX13uzpbH4QX2PgoicN2m4mrcLkGxSDqjogFg5ilCTsDbW9CkqMbYJXnCBYVas8aIYAyYSo2kod','wyIibsYYQtFb6u6BBT67r4cBXhjVUVtETicxgh29cRTpd0sYZdvGZdGVA7PU618ziSYa4dDumW8u7SGjqAcsJ2R3z7cabO0KWW33','6DtMkPhr42OGSq8aLsceoX5R90dBj2M5XGsDtEJqH0U0nBYvXqWdSN73CtMCSsqyBSrLet8pfuDsX2PZLJFPWekGVbcv2fy4NxjX',32,'2022-01-19 01:49:20','2022-01-19 01:49:20',5,NULL,NULL),(16,10,7,'xKVeLsYFmUQ04uLDnMSpfjakLev7n0sfMhFDWnXzECFpn79zirZwbjXunG0XZKRJHIEUpI0JXkdmrlj8vPleGiSViTdsL13NzLQ8','ddH5tqyjep7rBjI832ZURZ3ZQhmBEdFHfyoDjR3A2PskuIlfWhjITqO5lN41WN7WMPz8kN3LZ0QTXglpeKyYAq9VbSUMyUqq6lab','eWLJw6pNIhmTLQn6OM9YZWATMU7cYi39bMYQOgh58246LjIL4pWKsNomEeADuCAXR3uWqAYOVDRNR8ldHis4mtCmtr9dTBfVcavb',49,'2022-01-19 01:49:20','2022-01-19 01:49:20',2,NULL,NULL),(17,6,6,'if8mypJgSCFoDQnYeAZ1x0cjizFhZATPSL3azoZw9Moaz3RL8WvunQvuso6yWD08cbVJdtuIJdf1DQ9cfEZzxU2sgs9PK7XdX0dO','f1DEqFYza4LmAZKXDixgXo1V5ZlQvovK1LTNuGOGhn6YInpMIlmfj0Y6IyjYg627AGLKJs2a2GyFmnnAvmhsLHeiW6gVCo2hqeBp','gwG46MZYTDvnUZLbkKGBeNIsqlaBIBpOplsgqCsUhvu0REB3s4SWyZSE5ELfcStncf1zkLl6pVOqGibtYtqfWmWQSbeGFYr3ZgxD',61,'2022-01-19 01:49:20','2022-01-19 01:49:20',5,NULL,NULL),(18,2,4,'Vt5Aegaiiu3wN07uT310zC0SG2xVOXmVQ9DE8gWJHiDZL7Hhx0kagC4g4WMPWXFnKuRwVa7I1pnxBEKrP1KjujUlUcEqoxbHfbrE','Ro2MPwSzl3laVK45y1c7tmB1hzKkyJDwlNUUCZiRPyw4iXsg86HbC53HKUa0dnsO0KtZbcnHEOLaieiGYIyDY32K5RA23UCAkPfu','Lol8gQnhhIH4nRT8KBZmZ53Orm4ee4XbgDu8mVsb7AQU5oMk6xA7j3qGySI58gXs7hxkRIz2nGucfxA8HHB68hiulTGTqp90xJaM',64,'2022-01-19 01:49:20','2022-01-19 01:49:20',2,NULL,NULL),(19,5,7,'cVdgpG3FCIvD2jnDrwEWLtzzdSgbqNaywLzpKR49VCGVM2AvIsvIOWw3fo3XJU9c7TI13UYShOljDQpE7MRfL745ELW7USwDjZGX','SxgWiefzk5Whf5U3X7CPWxSgikRtm08uNaiEeMsRiz8dJLgImGdbSMxwQPK2V3RW8wfUezyWKmIhNwKOkjDmTTpBYeXAbI0wE78Y','37vFkHKGrdAGxrFXksPv4XNcKPfrWPjz6MRKDgwWBdDgfYb9i0cr2pveiKIkT0rExC22VzmkHKDxqZtO03C6ZNevtwlbcPM6PjyQ',86,'2022-01-19 01:49:20','2022-01-19 01:49:20',3,NULL,NULL);
/*!40000 ALTER TABLE `repairs` ENABLE KEYS */;
UNLOCK TABLES;

--
-- Table structure for table `request`
--

DROP TABLE IF EXISTS `request`;
/*!40101 SET @saved_cs_client     = @@character_set_client */;
/*!50503 SET character_set_client = utf8mb4 */;
CREATE TABLE `request` (
  `id` bigint unsigned NOT NULL AUTO_INCREMENT,
  `equipment_id` int NOT NULL,
  `employee_id` int NOT NULL,
  `details` varchar(255) COLLATE utf8mb4_unicode_ci NOT NULL,
  `notes` varchar(255) COLLATE utf8mb4_unicode_ci NOT NULL,
  `type` int NOT NULL,
  `status` int NOT NULL,
  `created_at` timestamp NULL DEFAULT NULL,
  `updated_at` timestamp NULL DEFAULT NULL,
  PRIMARY KEY (`id`)
) ENGINE=InnoDB AUTO_INCREMENT=20 DEFAULT CHARSET=utf8mb4 COLLATE=utf8mb4_unicode_ci;
/*!40101 SET character_set_client = @saved_cs_client */;

--
-- Dumping data for table `request`
--

LOCK TABLES `request` WRITE;
/*!40000 ALTER TABLE `request` DISABLE KEYS */;
INSERT INTO `request` VALUES (1,10,7,'o0W8qMLq0ToSRBNl7JmqzpqDPPeDtmujWjpuVy1653VwkEdXkUz5bZVV9sqG7S77ycBl3vkSdJQN3YQEl3SfeSuq5Z07651co7KR','MnWuRG4JKzIu74AQFnyJ3zldwTp7O1GQa5BokI7UCh8prKZQo4W6azpyQiFVfRIwaxexuvXQ8qse59maWkynRQK45oSvuJ7oEQEE',2,64,NULL,NULL),(2,9,8,'TG6GDay8d2Yp8v8PfI7D0FpR9RcO74HbbUJMnjMw5cMLi73trMGywK3Dc3KRY8IJTFJN8JeUNBMSXpZ2ttAclXDL68G0IfoEWcf7','in6BcbhbdVWyJPQKYcgIUaIDbQKWhGe4g87TFRdkD62BQn6cFtiFLUiI9ss3O2CTN9XO68bz8TmCeVIX5kSt9fKaLtviclVeZqzX',4,23,NULL,NULL),(3,8,5,'71Oc0E3S47aSM3PTRFigaz9JEIYldGbEdVBb3GPOdgPNNA4EKpdX9PyLCKDwABuSOL752ZcrCUYvUUAHNxKRiBsX2O3W1w64zfrJ','EmG81dp1oLHvMORLpfNwuJZR1GqhfyGxF6B3BJg4IUCVG7nDHbENDwFbp8mW2a6lDPsPRo3RNhU29gqFxozqblryBUyYpPCGRZv7',3,55,NULL,NULL),(4,9,10,'41oRtgqHiXpHijQjmgl4czbfMqv5ex2LKpjubKDhKnhPRkbr5ZtEGkHCBOELxcloeKVS1JPJiUrxQt4T85AN7g9XuxMRcTU8RTyd','QwQZvG8OnDDvXNfQl539gIn0iqPWWKbZOK0ARaRcBFcLwup76L8upvTukgTDYrbPEPZLSlLFsKNeHSybKvqT6uFjsYY7iH67Jddi',1,62,NULL,NULL),(5,6,1,'TVmbkAsbW3Mm1TqXl3x1Z3HINAesvVdf6I0IWKJp9I8R9vbRUDxWhbHoH8UtC8Q3WqvUtkbiVFN4fT89t1mGPeJnYEptuqSiFUqa','0XjSr5kxJyJB7dr0Bgyx1uPbIX9hVjde6jZWq11PFSNmwA94zYlye0Ql8FC9HVs8O7Hb0RExNRYq7Y86e7d1eWojFuxdwX8V7fxH',3,95,NULL,NULL),(6,8,8,'zZbATva0cfzxPXK0wHuXloMDXqrQuQhsnoOT03YwdSyMRlyv1gzprFwqgrLJsItpf9sXAHnNkbMpEpvEzrulTV0v0AE6Xsq1Azyh','i7pw41RXnJEee53UfkvmvFPLdlPH1EcnzIDQZph7I6NOe3SM83LDDcVA8d4IIiZmPjqesHL0IyCq6CkuXhToyH58H6F2Bn9s1bg4',5,75,NULL,NULL),(7,4,7,'txMP4RBavchXV1TrBGj4uVni3Y1VjqABMTwcm80KZEHb976aZYvi6goGIP22IxSC3Ca3jCh9VSOWcTw5RvW2PYVDRXQWqLHoxVW2','K2mRCpKDlDfzP9JTYO5CXevwXNcQJVrIGzVahITDQ252RlULjFHVyvJN7irt5FnNjf3hEE4KYJ675YWreQEHoGYFRyEReQcUYFt2',3,30,NULL,NULL),(8,9,1,'VVjeFQ6noW8uFN5VpubGUXhf1wxEdZRK1fs0GTHOVwRaTwJcTRwZPIGyz9SwvJDMddUOPd0M2LCt1NnDsjnIJ5IeFefVQMjZP4z9','JmvyR5S7MZxL204uuSY0NkAm7Gq4tvCSM3ctMysF7ZSdLJF5mnVnK2v1wxQGo1JnIoPA1fUuMnR4lcwqKUePK9ISO4UoG6d6YqGc',1,90,NULL,NULL),(9,10,5,'NnHgrPSIC7UvXd0jjb8bqHYkvjQl5zW02NFiYrE8hkQiprxkQje0yqnNaq4rVI0r0cscp7zsfFqwoTpSWrpgXNNpg7reYCNkEXx9','VAc4hjyuOl3O6HysoLogfNVmbKLZwv85EOweorjq3yndznDbESb58anjTPunLeo4eLhCLHY0lb6rNAzZwwnx7w5Usv65u40HyXUa',5,89,NULL,NULL),(10,1,6,'AIsfthe7Zi1cMREu9KFtQRhyLtk2rlvZIa7N95BiHommoo0PNo1AKqW1QcTt9jGCkY1Bg7mRBiW32gN2bCcdrEmCOAGThMrRNjXP','hUcRyPxIRcyiqvXdexLfBLze5AjoViWFzzL6wk9ca7ZcqcsVSgJZDjHjGNGROgDjCiul4vsmnYvs3VrZTfLIbi10Mw5SOTeKzUqH',1,19,NULL,NULL),(11,10,6,'VC9yXAIXJqApgbLzIKuSDzAgE9LKhBtvXEbFA6GmI3gISU8bAp1lnQlcfUsN17yzgEkUZmY6eAA1U6rLezNXejUBuEDqxXZRvIEw','25ZbxtLlywnL2Zo0eU6mBl4zPgtLNFRQld98Eqo7v8UJluNp2oK1lA6WNvpVFwREhYKlQ9KFPYmircEYmDlwWVAIxu7V6WnIJR2f',4,47,NULL,NULL),(12,5,2,'C6Vwm3vV0ItVlmTHc59Mp2Sh9YgxXJa25ayRXYRp2U397NERGjqVQ4TKBVHwXk9Yae6Fe49CJrrA9PXAYSsEzvgJlC2CcGqMA58X','qKDgNWyunaI1VRBYNvYo71rlHmPtA0KI26KhWeUBxjlgbrpPjBnfmi3lK2glopwibYbnvfJ1d9ifdzo6xy9xyExEENKPKS59Jngx',1,28,NULL,NULL),(13,2,3,'racUATdYpHeSwl4toQ8MAfhgVy2TzhjC3fFUoDuBYpbHEZ3suwwZ2e3dOgK7EeJPHZLKSrnAJ1rjCjbdFYHdNO84mDiq6SEHMgds','WkVdMvr53zgrDG8M3YEEvCEJf9K5vJLemV3Yi98vHTgCW5TcQCLA2OwmjcKG1FNuSuzoDBuOIzGj0sQuWWNw1E03bCQvNWM5fgq6',5,44,NULL,NULL),(14,3,4,'syDdtdWka9E0xFCW5a2q8jSQ8D8JEbn550g5PJdAkFVjBf8baJLfrdaOF37IvpZnQO0LGhhedYdrTCxyA4jZ7pOLRVTrhiAjP4DA','Y2hD95JbNqdXF6jQo7MVubd4hDcvMI6sO383PZZmjHbVOSoaXEcMg67FHU7Q8Ukch4blnWtBigVpluZaCTxo4r8JFuNL4mJAggFp',5,39,NULL,NULL),(15,8,6,'6lynMhQ6AtnztSHObip880aatajH4QhEU4DqzPpUyj4ylhUCRDNSxkoF43zNbSxRr61Xtdty3kblVE4FROoGc0gjKSfr9v5RuybC','Udjaq8wCm5MzRIBGLdTAFqqk8EUG1xp7Qa26p4nd2ybw4B5xel7CxbpCRxZz4t1TsKFfOzbD0u7GKacK2ozY7JiIEemyJzO2xiuE',4,7,NULL,NULL),(16,7,2,'TTZUc3rDtL20eAtuGzVAcBa5v1axrK0mtAtsxCxHsN1BURlvGGmZs0kCF1ZWMyEOjdQtnOtZ57FUfIZ8c6RqII0pFTJnKBWm96zo','swk4LRVmaQNVVOlST28HmKSAyWIuS6NpBbEUi0CY57bmOakwAlgmy55N8jzJLSgTU24bosnYv11GWF3JJmN96Bp6X01nJYbnT1mb',1,60,NULL,NULL),(17,1,3,'W9O9rBU7R8vh61GmlJwYgyeEsaKyOGPSiUKEy5tM2LNsj9ooNFw1a3ssDcvbm5QA399yLCxWGJdGNVy1RHHrnWMOym2SzzzpCOrK','OStfbG79jQr9YIJ9Bz6DrZiH7ZgObNenzBdvzOgDFXatpeIPahoTYMCy0TkQo0Ui6qp1OgT2VHOmy6aMe0BfuosMXzxFP2kgktQH',5,59,NULL,NULL),(18,3,3,'OdUBbpjrgLio7MPOVIevGkeik0le1YOtQaOefrIjzMdbsTYxD3E7SB9Kg1KDbHFrcSbqxJgWOLw5z0e0u153p59joejRMp1tUqE5','ieRqUZpXiIwmPQ57MoJhS4XsL2LzIICHGvtt7ZZF1TT53sjdEbfxjVhjEf3cNSPCro2JDTT7yYg0u2w0s6WPVOe1oNvaA6aCYkX9',2,92,NULL,NULL),(19,7,7,'cEj0VSWtyCueeg6AxJQv0RqLJg6qehAq7vc12WSACaiTNMLdNKIj0Y31uc8YOoujQK92Su4ljbnwrF3cPlgjfFiz8FiCOhiOxNGG','CkTalgqLcuM4K5jv38oaHnllMRjqroKgxtQleHISnt0JOYN6lpOaMLLgYPXHmYZ1u83xBn8trjQiVMXQdxH1myl5CWh5YOO8dwGo',5,93,NULL,NULL);
/*!40000 ALTER TABLE `request` ENABLE KEYS */;
UNLOCK TABLES;
/*!40103 SET TIME_ZONE=@OLD_TIME_ZONE */;

/*!40101 SET SQL_MODE=@OLD_SQL_MODE */;
/*!40014 SET FOREIGN_KEY_CHECKS=@OLD_FOREIGN_KEY_CHECKS */;
/*!40014 SET UNIQUE_CHECKS=@OLD_UNIQUE_CHECKS */;
/*!40101 SET CHARACTER_SET_CLIENT=@OLD_CHARACTER_SET_CLIENT */;
/*!40101 SET CHARACTER_SET_RESULTS=@OLD_CHARACTER_SET_RESULTS */;
/*!40101 SET COLLATION_CONNECTION=@OLD_COLLATION_CONNECTION */;
/*!40111 SET SQL_NOTES=@OLD_SQL_NOTES */;

-- Dump completed on 2022-01-22  9:34:18
